indic,qdesc,who2022,categorical,a_nrp,a_pend_6w,a_preg,b_0101,b_0102,b_0103,b_0104,b_0105,b_0106,b_0107,b_0108,b_0109,b_0110,b_0111,b_0112,b_0113,b_0199,b_0201,b_0202,b_0203,b_0204,b_0205,b_0206,b_0299,b_0301,b_0302,b_0303,b_0401,b_0402,b_0403,b_0499,b_0501,b_0502,b_0601,b_0602,b_0701,b_0801,b_9800,b_0901,b_0902,b_0903,b_0904,b_0905,b_0906,b_0907,b_0908,b_0999,b_1001,b_1002,b_1003,b_1004,b_1005,b_1006,b_1099,b_1101,b_1102,b_1201,b_1202,b_1203,b_1204,b_1205,b_1206,b_1207,b_1208,b_1209,b_1210,b_1299
,[UNCONDITIONAL PRIOR],probbase V1 20250829,,A+,A-,A-,C+,C+,B,C,E,D-,C,D,B-,D,E,D-,B,D,C,C,C,C,C,C,C,C,C+,B-,B+,B,E,B+,B-,C,C-,C,C+,B-,B-,D,C-,C-,C-,D,D,D,E,C,C,B-,C,C,D,C+,B+,C,C-,B,C,C+,C+,C+,C+,C+,B,B,C,B
i004a,Did s(he) die during the wet season?,[During which season did (s)he die?],,A,A,A,B,B,B,C,A,B,B,B,B,B,B,B,C,B,B,B,B,B,B,B,B,B,B,B,B,B,B,B,B,B,B,B,B,B,B,B,B,B,B,B,B,B,B,B,B,B,B,B,B,B,B,B,B,B,B,B,B,B,B,B,B,B,B,B
i019b,Was she female?,What was the sex of the deceased?,,I,I,I,B,C,B,B,B,B,B,D,B,B,C,B,B,B,B,B,C,A,I,N,B,B,B,B,B,B,B,B,B,B,B,C,C,B,B,I,I,I,I,I,I,I,I,I,B,B,B,B,B,C,B,B,B,B,B,B,B,C,B,C,B,B,B,C
i019c,Was the decedant intersex?,What was the sex of the deceased?,,A+,B,B,G,G,G,H,G,G,G,G,G,G,H,G,G,G,G,G,G,G,G,G,G,G,G,G,H,G,G,H,G,G,G,G,G,G,G,G,G,G,G,G,G,G,G,G,G,G,G,G,G,G,H,G,G,G,G,G,H,G,H,G,G,G,G,G
i022a,Was s(he) aged 65 years or more at death?,Is the date of death known?,,N,N,N,C,B,C,B,C,G,C,C,C,G,C,C,B,C,B,B,B,B,B,F,B,C,G,B,B,B,D,B,B,C,C,B,B,D,B,N,N,N,N,N,N,N,N,N,N,N,N,N,N,N,N,N,N,C,C,B,C,C,C,D,G,C,B,G
i022b,Was s(he) aged 50 to 64 years at death?,Is the date of death known?,,N,N,N,C,B,D,C,C,G,F,C,C,D,C,C,B,C,C,C,C,B,B,A,B,C,G,C,B,B,D,C,C,C,C,B,C,D,B,G,H,H,H,H,H,H,H,G,N,N,N,N,N,N,N,N,N,C,C,C,C,C,C,D,F,C,B,F
i022c,Was s(he) aged 15 to 49 years at death?,Is the date of death known?,,A+,B,B,C,C,C,D,C,C,B,C,B,G,C,B,C,C,C,C,C,C,C,H,D,D,G,C,C,C,C,D,D,C,C,C,D,D,C,B,B,A,A,A,A,B,I,A,N,N,N,N,N,D,N,N,N,C,B,C,B,C,B,C,C,C,B,B
i022d,Was s(he) aged 5-14 years at death?,Is the date of death known?,,A+,C,C,C,C,C,C,C,C,C,C,C,C,C,C,C,C,D,F,F,G,G,C,D,C,C,C,C,C,C,C,H,C,C,G,G,C,G,H,F,H,G,G,C,G,G,C,N,N,N,N,N,C,N,N,N,C,C,C,C,C,C,C,F,C,C,C
i022e,Was s(he) aged 1 to 4 years at death?,Is the date of death known?,,N,N,N,C,B,C,B,B,B,C,C,C,C,C,C,C,C,G,F,G,H,G,G,F,C,B,G,C,C,C,C,H,D,C,G,D,C,H,N,N,N,N,N,N,N,N,N,N,N,N,N,N,B,N,N,N,C,C,C,C,C,C,C,N,C,C,C
i022f,Was s(he) aged 1 to 11 months at death?,Is the date of death known?,,N,N,N,B,B,D,C,B,B,B,C,C,A,C,D,H,B,G,G,G,H,G,G,F,C,B,G,B,B,D,B,N,F,B,H,F,B,C,N,N,N,N,N,N,N,N,N,N,N,N,N,N,B,N,N,N,C,D,C,D,B,D,C,N,C,C,C
i022g,Was s(he) aged < 1 month (28 days) at death?,Is the date of death known?,,I,N,N,N,N,N,N,N,N,N,N,N,N,N,N,N,N,N,N,N,N,N,N,N,N,N,N,N,N,N,N,N,N,N,N,N,N,N,N,N,N,N,N,N,N,N,N,I,I,I,I,I,I,I,I,I,N,N,N,N,N,N,N,N,N,N,N
i022h,Was s(he) a live baby who died within 24 hours of birth?,"Is the date of death known? & If the baby didn't show any sign of life, was it born dead?",,I,N,N,N,N,N,N,N,N,N,N,N,N,N,N,N,N,N,N,N,N,N,N,N,N,N,N,N,N,N,N,N,N,N,N,N,N,N,N,N,N,N,N,N,N,N,N,C,C,F,B,F,C,D,N,N,N,N,N,N,N,N,N,N,N,N,N
i022i,Was s(he) a baby who died between 24 and 48 hours of birth?,Is the date of death known?,,I,N,N,N,N,N,N,N,N,N,N,N,N,N,N,N,N,N,N,N,N,N,N,N,N,N,N,N,N,N,N,N,N,N,N,N,N,N,N,N,N,N,N,N,N,N,N,C,C,F,B,F,C,B,N,N,N,N,N,N,N,N,N,N,N,N,N
i022j,"Was s(he) a baby who died more than 48 hours from birth, but within the first week?",Is the date of death known?,,I,N,N,N,N,N,N,N,N,N,N,N,N,N,N,N,N,N,N,N,N,N,N,N,N,N,N,N,N,N,N,N,N,N,N,N,N,N,N,N,N,N,N,N,N,N,N,C,C,B,C,C,C,C,N,N,N,N,N,N,N,N,N,N,N,N,N
i022k,"Was s(he) a baby who died after the first week, but within the first month?",Is the date of death known?,,I,N,N,N,N,N,N,N,N,N,N,N,N,N,N,N,N,N,N,N,N,N,N,N,N,N,N,N,N,N,N,N,N,N,N,N,N,N,N,N,N,N,N,N,N,N,N,C,C,A,B,B,C,C,N,N,N,N,N,N,N,N,N,N,N,N,N
i022l,Was she a woman aged 12-19 years at death?,Is the date of death known?,,A,B+,B+,D,C,D,D,D,F,D,D,F,D,D,D,D,D,D,F,F,F,F,N,G,D,F,F,G,G,C,D,G,C,D,G,D,F,D,D,D,D,D,D,C,D,D,D,N,N,N,N,N,N,N,N,N,C,D,F,C,D,D,D,D,D,B,D
i022m,Was she a woman aged 20-34 years at death?,Is the date of death known?,,A,B+,B+,C,C,C,D,D,F,D,D,C,F,D,D,F,D,D,F,F,D,F,N,D,C,F,F,F,D,D,D,D,F,D,D,C,D,D,B,B,B,C,C,B,C,C,C,N,N,N,N,N,N,N,N,N,B,C,D,D,C,C,D,C,C,D,D
i022n,Was she a woman aged 35 to 49 years at death?,Is the date of death known?,,A+,B,B,C,C,C,C,C,F,C,C,C,D,C,C,C,C,D,C,C,C,C,N,C,C,F,C,D,D,C,C,C,C,C,C,C,C,B,C,C,B,C,C,C,C,C,C,N,N,N,N,N,N,N,N,N,C,C,C,D,C,D,C,C,C,C,C
i058a,Did the deceased die in a hospital or health facility?,Where did the deceased die,i058,B,B,B,B,B,B,B,B,C,B,B,B,B,B,B,B,B,B,B,B,B,C,B,B,C,B,C,B,B,B,C,B,B,B,C,B,B,C,B,B,B,B,B,B,B,B,B,B,B,B,B,B,B,B,B,C,B,C,C,H,C,C,C,B,B,B,C
i058b,Did the deceased die in at home?,Where did the deceased die,i058,B,B,B,C,C,C,C,C,C,C,C,C,C,B,C,C,C,C,C,C,B,B,C,C,D,C,D,B,C,C,C,C,C,C,C,C,B,C,C,C,C,C,B,C,C,C,C,C,C,C,C,D,C,C,F,B,G,D,D,H,B,C,F,B,C,B,C
i058c,Did the deceased die on route to hospital or facility?,Where did the deceased die,i058,B,B,B,F,C,D,F,D,D,F,F,F,F,C,D,G,D,G,C,C,F,D,D,G,D,F,F,D,C,F,C,D,C,G,C,D,G,D,C,F,G,D,C,D,D,B,D,G,C,D,G,C,D,C,F,F,B,B,C,G,D,C,C,C,C,B,C
i058d,Did the decases die in a different location (not listed above)?,Where did the deceased die,i058,B,B,B,H,G,G,G,H,H,G,G,G,F,H,H,F,F,H,G,D,G,D,D,G,D,G,F,G,D,G,G,G,G,F,D,D,G,D,G,G,H,F,C,G,H,H,F,F,D,F,G,D,D,D,H,H,C,G,D,A,F,F,D,D,D,B,C
i059o,Was (s)he married at the time of death?,What was her/his marital status?,,A,A+,A+,B,B,B,B,B,B,B,B,B,B,B,B,B,B,B,B,B,B,B,B,B,B,B,B,B,B,B,B,B,B,B,B,B,B,B,B,B,B,B,B,B,B,B,B,B,B,N,N,N,N,N,N,N,B,B,B,B,B,B,B,B,B,B,B
i104o,Did the baby ever cry?,Did the baby ever cry?,,I,N,N,N,N,N,N,N,N,N,N,N,N,N,N,N,N,N,N,N,N,N,N,N,N,N,N,N,N,N,N,N,N,N,N,N,N,N,N,N,N,N,N,N,N,N,N,I,A,I,I,I,A,I,N,N,N,N,N,N,N,N,N,N,N,N,N
i105o,"Did the baby cry immediately after birth, even if only a little bit?","Did the baby cry immediately after birth, even if only a little bit?",,I,N,N,N,N,N,N,N,N,N,N,N,N,N,N,N,N,N,N,N,N,N,N,N,N,N,N,N,N,N,N,N,N,N,N,N,N,N,N,N,N,N,N,N,N,N,N,A,A,A,A,A,A,A,N,N,N,N,N,N,N,N,N,N,N,N,N
i106a,Was it more than 5 minutes after birth before the baby first cried?,How many minutes after birth did the baby first cry?,,N,N,N,N,N,N,N,N,N,N,N,N,N,N,N,N,N,N,N,N,N,N,N,N,N,N,N,N,N,N,N,N,N,N,N,N,N,N,N,N,N,N,N,N,N,N,N,C,B,G,D,G,D,C,N,N,G,G,G,G,G,G,G,G,G,G,G
i107o,Did the baby stop being able to cry?,Did the baby stop being able to cry?,,I,N,N,N,N,N,N,N,N,N,N,N,N,N,N,N,N,N,N,N,N,N,N,N,N,N,N,N,N,N,N,N,N,N,N,N,N,N,N,N,N,N,N,N,N,N,N,N,A,N,N,N,N,H,N,N,N,N,N,N,N,N,N,N,N,N,N
i377o,Did the baby stop moving in the womb?,Did the baby stop moving in the womb?,,I,N,N,N,N,N,N,N,N,N,N,N,N,N,N,N,N,N,N,N,N,N,N,N,N,N,N,N,N,N,N,N,N,N,N,N,N,N,N,N,N,N,N,N,N,N,N,N,N,N,N,N,N,N,N,N,N,N,N,N,N,N,N,N,N,N,N
i376o,Did the baby stop moving before the onset of labour?,Did the baby stop moving before or after the onset of labour?,,I,N,N,N,N,N,N,N,N,N,N,N,N,N,N,N,N,N,N,N,N,N,N,N,N,N,N,N,N,N,N,N,N,N,N,N,N,N,N,N,N,N,N,N,N,N,N,N,N,N,N,N,N,N,N,N,N,N,N,N,N,N,N,N,N,N,N
i109o,Did the baby ever move after being delivered?,Did the baby ever move after being delivered?,,I,N,N,N,N,N,N,N,N,N,N,N,N,N,N,N,N,N,N,N,N,N,N,N,N,N,N,N,N,N,N,N,N,N,N,N,N,N,N,N,N,N,N,N,N,N,N,A,A,I,I,I,A,A,N,N,N,N,N,N,N,N,N,N,N,N,N
i110o,Did the baby ever breathe?,Did the baby ever breathe?,,I,N,N,N,N,N,N,N,N,N,N,N,N,N,N,N,N,N,N,N,N,N,N,N,N,N,N,N,N,N,N,N,N,N,N,N,N,N,N,N,N,N,N,N,N,N,N,I,A,I,I,I,A,I,N,N,N,N,N,N,N,N,N,N,N,N,N
i111o,"Did the baby breathe immediately after birth, even a little?","Did the baby breathe immediately after birth, even a little?",,I,N,N,N,N,N,N,N,N,N,N,N,N,N,N,N,N,N,N,N,N,N,N,N,N,N,N,N,N,N,N,N,N,N,N,N,N,N,N,N,N,N,N,N,N,N,N,B,A,A,A,A,A,A,N,N,N,N,N,N,N,N,N,N,N,N,N
i112o,Did the baby have a breathing problem?,Did the baby have a breathing problem?,,I,N,N,N,N,N,N,N,N,N,N,N,N,N,N,N,N,N,N,N,N,N,N,N,N,N,N,N,N,N,N,N,N,N,N,N,N,N,N,N,N,N,N,N,N,N,N,C,B,A,C,F,C,G,N,N,N,N,N,N,N,N,N,N,N,N,N
i113o,Was the baby given assistance to breathe at birth?,Was the baby given assistance to breathe at birth?,,I,N,N,N,N,N,N,N,N,N,N,N,N,N,N,N,N,N,N,N,N,N,N,N,N,N,N,N,N,N,N,N,N,N,N,N,N,N,N,N,N,N,N,N,N,N,N,C,A,C,F,F,C,F,N,N,N,N,N,N,N,N,N,N,N,N,N
i114o,"If the baby didn't show any sign of life, was it born dead?","If the baby didn't show any sign of life, was it born dead?",,I,N,N,N,N,N,N,N,N,N,N,N,N,N,N,N,N,N,N,N,N,N,N,N,N,N,N,N,N,N,N,N,N,N,N,N,N,N,N,N,N,N,N,N,N,N,N,N,N,N,N,N,N,N,N,N,N,N,N,N,N,N,N,N,N,N,N
i115o,Were there any bruises or signs of injury on child's body after the birth?,Were there any bruises or signs of injury on baby's body after the birth?,,I,N,N,N,N,N,N,N,N,N,N,N,N,N,N,N,N,N,N,N,N,N,N,N,N,N,N,N,N,N,N,N,N,N,N,N,N,N,N,N,N,N,N,N,N,N,N,F,C,F,F,F,F,C,N,N,N,N,N,N,N,N,N,N,N,N,N
i116o,"Was the baby's body soft, pulpy and discoloured with the skin peeling away?","Was the baby's body soft, discoloured and the skin peeling away?",,I,N,N,N,N,N,N,N,N,N,N,N,N,N,N,N,N,N,N,N,N,N,N,N,N,N,N,N,N,N,N,N,N,N,N,N,N,N,N,N,N,N,N,N,N,N,N,N,N,N,N,N,N,N,N,N,N,N,N,N,N,N,N,N,N,N,N
i125o,Was there any diagnosis by a health professional of tuberculosis?,Was there any diagnosis by a health professional of tuberculosis?,,C,C,C,G,D,B,F,F,F,F,F,A,F,F,F,F,F,F,F,F,F,F,F,G,D,F,F,F,F,F,F,F,F,F,F,F,F,F,F,F,F,F,F,F,F,F,F,N,N,N,N,N,N,N,N,N,F,F,F,F,F,F,F,F,F,F,F
i126o,Was an HIV test ever positive?,Was an HIV test ever positive?,,B,B,B,F,F,B,C,F,F,G,F,C,F,F,F,F,D,F,F,F,F,F,F,F,F,C,F,F,F,F,F,F,F,F,F,F,F,F,F,F,F,F,F,F,F,F,F,N,N,N,N,N,N,N,N,N,F,F,F,F,F,F,F,F,F,F,F
i127o,Was there any diagnosis by a health professional of AIDS?,Was there any diagnosis by a health professional of AIDS?,,B,B,B,F,F,B,C,F,F,D,F,C,F,F,F,F,F,D,F,F,F,D,F,F,F,F,F,F,F,F,F,F,F,F,F,F,F,F,F,F,F,F,F,F,G,F,F,N,N,N,N,N,N,N,N,N,F,F,F,F,F,F,F,D,F,F,F
i128o,Did (s)he have a recent positive test by a health professional for malaria?,Did (s)he have a recent positive test by a health professional for malaria?,,C+,C+,B-,F,G,G,G,B,G,D,G,G,G,F,G,G,F,G,G,G,G,G,G,G,D,G,G,G,G,G,G,G,G,G,G,G,G,G,G,G,G,G,G,G,F,G,G,N,N,N,N,N,N,N,N,N,G,G,G,G,G,G,G,G,G,G,G
i129o,Did (s)he have a recent negative test by a health professional for malaria?,Did (s)he have a recent negative test by a health professional for malaria?,,B,B-,B-,D,H,H,H,G,H,B,H,H,H,B,D,B,F,H,H,H,H,H,H,H,C,H,H,H,H,B,H,H,H,H,H,H,H,H,H,H,H,H,H,H,D,H,H,N,N,N,N,N,N,N,N,N,H,H,H,H,H,H,H,H,H,H,H
i482o,Was there any diagnosis by a health professional of COVID-19?,Was there any diagnosis by a health professional of COVID-19?,,B,B,B,F,C,F,F,F,F,F,F,F,F,F,F,B,F,F,F,F,F,F,F,F,F,F,F,F,F,F,F,D,F,F,F,F,F,F,F,F,F,F,F,F,F,F,F,N,N,N,N,N,N,N,N,N,F,F,F,F,F,F,F,F,F,F,F
i483o,Did s(h)e have a recent positive test for COVID-19?,Did s(h)e have a recent test for COVID-19? & What was the result?,,B,B,B,F,C,F,F,F,F,F,F,F,F,F,F,B,D,F,F,F,F,F,F,F,F,F,F,F,F,F,F,F,F,F,F,F,F,F,F,F,F,F,F,F,F,F,F,N,N,N,N,N,N,N,N,N,F,F,F,F,F,F,F,F,F,F,F
i130o,Was there any diagnosis by a health professional of dengue fever?,Was there any diagnosis by a health professional of dengue fever?,,A,C,C,G,G,H,H,H,H,H,H,H,H,G,A,H,H,H,H,H,H,H,H,H,G,H,H,H,H,H,H,H,H,H,H,H,H,H,H,H,H,H,H,H,H,H,H,N,N,N,N,N,N,N,N,N,H,H,H,H,H,H,H,H,H,H,H
i131o,Was there any diagnosis by a health professional of measles?,Was there any diagnosis by a health professional of measles?,,C-,C-,C-,H,C,H,H,H,B,H,H,H,H,H,H,H,H,H,H,H,H,H,H,H,H,H,H,H,H,H,H,H,H,H,H,H,H,H,H,H,H,H,H,H,H,H,H,N,N,N,N,N,N,N,N,N,H,H,H,H,H,H,H,H,H,H,H
i132o,Was there any diagnosis by a health professional of high blood pressure?,Was there any diagnosis by a health professional of high blood pressure?,,B,B,A-,F,C,C,C,C,C,D,C,C,C,C,C,C,C,C,C,C,C,C,C,C,C,C,C,C,B,C,B,C,C,C,C,C,C,C,C,D,C,C,C,C,C,C,C,N,N,N,N,N,N,N,N,N,C,C,C,C,C,C,C,C,C,C,C
i133o,Was there any diagnosis by a health professional of heart disease?,Was there any diagnosis by a health professional of heart disease?,,B,B+,B+,G,F,F,F,F,F,F,F,F,F,F,F,F,F,F,F,F,F,F,F,F,D,F,C,C,B,F,D,C,F,F,F,C,F,C,F,G,F,F,F,F,F,F,D,N,N,N,N,N,N,N,N,N,F,F,F,F,F,F,F,F,F,F,F
i134o,Was there any diagnosis by a health professional of diabetes?,Was there any diagnosis by a health professional of diabetes?,,C,C,B,D,D,F,G,F,F,F,F,C,F,F,F,D,F,F,F,F,F,F,F,F,F,F,B,F,C,G,C,F,F,F,F,C,F,C,F,D,F,F,F,F,G,F,D,N,N,N,N,N,N,N,N,N,F,F,F,F,F,F,F,F,F,F,F
i135o,Was there any diagnosis by a health professional of asthma?,Was there any diagnosis by a health professional of asthma?,,C+,C+,C+,H,C,C,C,C,C,C,C,F,C,C,C,C,C,C,C,C,C,C,C,G,G,C,C,C,C,F,C,C,A,C,C,C,C,C,C,C,C,C,C,C,C,C,C,N,N,N,N,N,N,N,N,N,C,C,C,C,C,C,C,C,C,C,C
i136o,Was there any diagnosis by a health professional of epilepsy?,Was there any diagnosis by a health professional of epilepsy?,,C-,C-,C-,F,G,F,F,F,F,C,F,G,F,F,F,F,F,F,F,F,F,F,F,F,F,F,F,F,F,F,F,F,F,F,F,F,B,F,F,F,G,F,F,F,F,F,F,N,N,N,N,N,N,N,N,N,F,F,F,F,F,F,F,F,F,F,F
i137o,Was there any diagnosis by a health professional of cancer?,Was there any diagnosis by a health professional of cancer?,,C+,C,C,H,G,G,G,G,G,G,G,G,G,G,G,F,G,A,C,A,B,A,B,B,G,G,G,D,F,G,D,G,G,G,D,G,G,G,G,G,G,G,G,G,G,G,D,N,N,N,N,N,N,N,N,N,G,G,G,G,G,G,G,G,G,G,G
i138o,Was there any diagnosis by a health professional of Chronic Obstructive Pulmonary Disease (COPD)?,Was there any diagnosis by a health professional of Chronic Obstructive Pulmonary Disease (COPD)?,,B-,B-,B,F,F,F,F,F,F,F,F,F,D,F,F,G,F,F,F,C,F,F,F,F,F,F,F,F,F,G,D,B,F,F,F,F,F,F,F,F,F,F,F,F,F,F,F,N,N,N,N,N,N,N,N,N,F,F,F,F,F,F,F,F,F,F,F
i139o,Was there any diagnosis by a physician or health worker of dementia?,Was there any diagnosis by a health professional of dementia?,,B,C,C,F,F,F,G,F,F,F,F,F,G,F,F,F,G,F,F,F,F,F,F,F,F,H,F,F,F,F,F,F,F,F,F,F,F,G,F,H,F,F,F,F,F,F,G,N,N,N,N,N,N,N,N,N,F,F,F,G,F,F,D,F,H,F,G
i140o,Was there any diagnosis by a health professional of depression?,Was there any diagnosis by a health professional of depression?,,B,C,C,F,F,D,F,F,F,F,F,F,F,F,F,F,G,F,F,F,F,F,F,D,F,F,F,F,F,F,F,F,F,F,F,F,D,D,F,F,F,F,F,F,G,F,F,N,N,N,N,N,N,N,N,N,F,F,F,F,F,F,F,C,F,F,F
i141o,Was there any diagnosis by a health professional of stroke?,Was there any diagnosis by a health professional of stroke?,,C+,C+,C+,F,G,G,G,G,G,G,G,G,G,G,G,G,G,G,G,G,G,G,G,D,G,G,G,C,A,G,D,G,G,G,G,G,G,G,G,G,G,G,G,G,G,G,G,N,N,N,N,N,N,N,N,N,G,G,G,G,G,G,G,G,G,G,G
i142o,Was there any diagnosis by a health professional of sickle cell disease?,Was there any diagnosis by a health professional of sickle cell disease?,,C-,C-,C,G,G,G,G,G,G,G,G,G,G,G,G,G,F,G,G,G,G,G,G,G,B,G,G,G,D,B,G,G,G,G,G,G,G,G,G,G,G,G,G,G,G,G,F,N,N,N,N,N,N,N,N,N,G,G,G,G,G,G,G,G,G,G,G
i143o,Was there any diagnosis by a health professional of kidney disease?,Was there any diagnosis by a health professional of kidney disease?,,C-,C,C,G,G,F,G,F,F,G,G,G,G,F,F,G,G,G,F,G,G,G,C,G,G,G,F,D,F,G,F,G,G,G,G,I,G,G,G,G,G,G,G,G,F,G,G,N,N,N,N,N,N,N,N,N,G,G,G,G,G,G,G,G,G,G,G
i144o,Was there any diagnosis by a health professional of liver disease?,Was there any diagnosis by a health professional of liver disease?,,C-,C,C,F,G,F,F,F,F,F,F,F,F,F,C,F,F,F,C,F,F,F,F,D,F,F,F,F,F,F,F,F,F,D,C,F,F,F,F,F,F,F,F,F,F,F,F,N,N,N,N,N,N,N,N,N,F,F,F,F,F,F,F,F,F,F,F
i077o,Did (s)he suffer from any injury or accident that led to her/his death?,Did (s)he suffer from any injury or accident that led to her/his death?,,B,B-,B-,N,N,N,N,N,N,N,N,N,N,N,N,N,N,N,N,N,N,N,N,N,N,N,N,N,N,N,N,N,N,N,N,N,N,N,N,N,N,N,N,N,N,N,N,N,N,N,N,N,N,N,N,N,I,I,I,I,I,I,I,I,I,I,I
i077a,Did s(h)e die within 7 days of the injury or accident?,(Id10077_a) How long after the injury or accident did s/he die?,,B,B-,B-,N,N,N,N,N,N,N,N,N,N,N,N,N,N,N,N,N,N,N,N,N,N,N,N,N,N,N,N,N,N,N,N,N,N,N,N,N,N,N,N,N,N,N,N,N,N,N,N,N,N,N,N,N,I,I,I,I,I,I,I,I,I,I,I
i079o,Was it a road transport injury?,Was it a road transport injury?,,C-,C-,C-,N,N,N,N,N,N,N,N,N,N,N,N,N,N,N,N,N,N,N,N,N,N,N,N,N,N,N,N,N,N,N,N,N,N,N,N,N,N,N,N,N,N,N,N,N,N,N,N,N,N,N,N,N,I,N,N,N,N,N,N,N,N,N,N
i082o,Was it a non-road transport injury?,Was it a non-road transport injury?,,D,D,D,N,N,N,N,N,N,N,N,N,N,N,N,N,N,N,N,N,N,N,N,N,N,N,N,N,N,N,N,N,N,N,N,N,N,N,N,N,N,N,N,N,N,N,N,N,N,N,N,N,N,N,N,N,N,N,N,N,N,N,N,N,N,N,N
i083o,Was (s)he injured in a fall?,Was (s)he injured in a fall?,,C+,C+,C+,N,N,N,N,N,N,N,N,N,N,N,N,N,N,N,N,N,N,N,N,N,N,N,N,N,N,N,N,N,N,N,N,N,N,N,N,N,N,N,N,N,N,N,N,N,N,N,N,N,N,N,N,N,N,N,I,N,N,N,N,N,N,N,N
i084o,Was (s)he poisoned in any way?,Was there any poisoning?,,C-,C-,C-,N,N,N,N,N,N,N,N,N,N,N,N,N,N,N,N,N,N,N,N,N,N,N,N,N,N,N,N,N,N,N,N,N,N,N,N,N,N,N,N,N,N,N,N,N,N,N,N,N,N,N,N,N,N,N,N,N,N,N,I,N,N,N,N
i085o,Did (s)he die of drowning?,Did (s)he die of drowning?,,C,C,C,N,N,N,N,N,N,N,N,N,N,N,N,N,N,N,N,N,N,N,N,N,N,N,N,N,N,N,N,N,N,N,N,N,N,N,N,N,N,N,N,N,N,N,N,N,N,N,N,N,N,N,N,N,N,N,N,I,N,N,N,N,N,N,N
i086o,Was (s)he injured by a venomous bite or sting from an animal or insect?,Was (s)he injured by a venomous bite or sting from an animal or insect?,,D-,D-,D-,N,N,N,N,N,N,N,N,N,N,N,N,N,N,N,N,N,N,N,N,N,N,N,N,N,N,N,N,N,N,N,N,N,N,N,N,N,N,N,N,N,N,N,N,N,N,N,N,N,N,N,N,N,N,N,N,N,N,I,N,N,N,N,N
i087o,Was (s)he injured by an animal or insect (non-venomous),Was (s)he injured by an animal or insect (non-venomous)?,,C,C,C,N,N,N,N,N,N,N,N,N,N,N,N,N,N,N,N,N,N,N,N,N,N,N,N,N,N,N,N,N,N,N,N,N,N,N,N,N,N,N,N,N,N,N,N,N,N,N,N,N,N,N,N,N,N,N,N,N,N,N,N,N,N,N,I
i088a,Was (s)he injured by a dog?,What was the animal/insect?,,C,C,C,N,N,N,N,N,N,N,N,N,N,N,N,N,N,N,N,N,N,N,N,N,N,N,N,N,N,N,N,N,N,N,N,N,N,N,N,N,N,N,N,N,N,N,N,N,N,N,N,N,N,N,N,N,N,N,N,N,N,N,N,N,N,N,I
i088b,Was (s)he injured by a snake?,What was the animal/insect?,,D-,D-,D-,N,N,N,N,N,N,N,N,N,N,N,N,N,N,N,N,N,N,N,N,N,N,N,N,N,N,N,N,N,N,N,N,N,N,N,N,N,N,N,N,N,N,N,N,N,N,N,N,N,N,N,N,N,N,N,N,N,N,N,N,N,N,N,I
i088c,Was (s)he injured by a insect or scorpion?,What was the animal/insect?,,D-,D-,D-,N,N,N,N,N,N,N,N,N,N,N,N,N,N,N,N,N,N,N,N,N,N,N,N,N,N,N,N,N,N,N,N,N,N,N,N,N,N,N,N,N,N,N,N,N,N,N,N,N,N,N,N,N,N,N,N,N,N,N,N,N,N,N,I
i088d,"Was (s)he injured by a different type of animal (i.e., not a dog, snake, insect, or scorpion)?",What was the animal/insect?,,C,C,C,N,N,N,N,N,N,N,N,N,N,N,N,N,N,N,N,N,N,N,N,N,N,N,N,N,N,N,N,N,N,N,N,N,N,N,N,N,N,N,N,N,N,N,N,N,N,N,N,N,N,N,N,N,N,N,N,N,N,N,N,N,N,N,I
i089o,Was (s)he injured by burns or fire?,Was (s)he injured by burns/fire?,,C,C,C,N,N,N,N,N,N,N,N,N,N,N,N,N,N,N,N,N,N,N,N,N,N,N,N,N,N,N,N,N,N,N,N,N,N,N,N,N,N,N,N,N,N,N,N,N,N,N,N,N,N,N,N,N,N,N,N,N,I,N,N,N,N,N,N
i091o,Was (s)he injured by a fire arm?,Was (s)he injured by a firearm?,,C,C,C,N,N,N,N,N,N,N,N,N,N,N,N,N,N,N,N,N,N,N,N,N,N,N,N,N,N,N,N,N,N,N,N,N,N,N,N,N,N,N,N,N,N,N,N,N,N,N,N,N,N,N,N,N,N,N,N,N,I,N,N,N,N,N,N
i092o,"Was (s)he stabbed, cut or pierced?","Was (s)he stabbed, cut or pierced?",,C,C,C,N,N,N,N,N,N,N,N,N,N,N,N,N,N,N,N,N,N,N,N,N,N,N,N,N,N,N,N,N,N,N,N,N,N,N,N,N,N,N,N,N,N,N,N,N,N,N,N,N,N,N,N,N,N,N,N,N,N,N,N,N,N,N,I
i093o,Was (s)he strangled?,Was (s)he strangled?,,C,C,C,N,N,N,N,N,N,N,N,N,N,N,N,N,N,N,N,N,N,N,N,N,N,N,N,N,N,N,N,N,N,N,N,N,N,N,N,N,N,N,N,N,N,N,N,N,N,N,N,N,N,N,N,N,N,N,N,N,N,N,N,N,N,N,I
i096o,Was (s)he electrocuted?,Was s(h)e electrocuted?,,C,C,C,N,N,N,N,N,N,N,N,N,N,N,N,N,N,N,N,N,N,N,N,N,N,N,N,N,N,N,N,N,N,N,N,N,N,N,N,N,N,N,N,N,N,N,N,N,N,N,N,N,N,N,N,N,N,N,N,N,N,N,N,N,N,N,I
i094o,Was (s)he injured by a blunt force?,Was (s)he injured by a blunt force?,,C,C,C,N,N,N,N,N,N,N,N,N,N,N,N,N,N,N,N,N,N,N,N,N,N,N,N,N,N,N,N,N,N,N,N,N,N,N,N,N,N,N,N,N,N,N,N,N,N,N,N,N,N,N,N,N,N,N,N,N,N,N,N,N,N,N,I
i095o,Was (s)he injured by a force of nature?,Was (s)he injured by a force of nature?,,D-,D-,D-,N,N,N,N,N,N,N,N,N,N,N,N,N,N,N,N,N,N,N,N,N,N,N,N,N,N,N,N,N,N,N,N,N,N,N,N,N,N,N,N,N,N,N,N,N,N,N,N,N,N,N,N,N,N,N,N,N,N,N,N,N,N,I,N
i097o,Did (s)he suffer any other injury?,Did (s)he suffer any other injury?,,C,C,C,N,N,N,N,N,N,N,N,N,N,N,N,N,N,N,N,N,N,N,N,N,N,N,N,N,N,N,N,N,N,N,N,N,N,N,N,N,N,N,N,N,N,N,N,N,N,N,N,N,N,N,N,N,N,N,N,N,N,N,N,N,N,N,I
i098o,Was the injury accidental?,Was the injury accidental?,,C,C,C,N,N,N,N,N,N,N,N,N,N,N,N,N,N,N,N,N,N,N,N,N,N,N,N,N,N,N,N,N,N,N,N,N,N,N,N,N,N,N,N,N,N,N,N,N,N,N,N,N,N,N,N,N,N,N,N,N,N,N,N,N,N,N,I
i099o,Was the injury or accident self-inflicted?,Was the injury self-inflicted?,,C-,C,C,N,N,N,N,N,N,N,N,N,N,N,N,N,N,N,N,N,N,N,N,N,N,N,N,N,N,N,N,N,N,N,N,N,N,N,N,N,N,N,N,N,N,N,N,N,N,N,N,N,N,N,N,N,N,N,N,N,N,N,N,I,N,N,N
i100o,Was the injury or accident intentionally inflicted by someone else?,Was the injury intentionally inflicted by someone else?,,D-,D-,D-,N,N,N,N,N,N,N,N,N,N,N,N,N,N,N,N,N,N,N,N,N,N,N,N,N,N,N,N,N,N,N,N,N,N,N,N,N,N,N,N,N,N,N,N,N,N,N,N,N,N,N,N,N,N,N,N,N,N,N,N,N,I,N,N
i351a,Was the baby less than 1 day old when the fatal illness started?,How many days old was the baby when the fatal illness started?,i351,I,N,N,N,N,N,N,N,N,N,N,N,N,N,N,N,N,N,N,N,N,N,N,N,N,N,N,N,N,N,N,N,N,N,N,N,N,N,N,N,N,N,N,N,N,N,N,C,I,G,B,G,C,A,N,N,N,N,N,N,N,N,N,N,N,N,N
i351b,Was the baby at least 1 but less than 2 weeks old when the fatal illness started?,How many days old was the baby when the fatal illness started?,i351,I,N,N,N,N,N,N,N,N,N,N,N,N,N,N,N,N,N,N,N,N,N,N,N,N,N,N,N,N,N,N,N,N,N,N,N,N,N,N,N,N,N,N,N,N,N,N,C,C,B,C,C,C,A,N,N,N,N,N,N,N,N,N,N,N,N,N
i351c,Was the baby at least 2 weeks old when the fatal illness started?,How many days old was the baby when the fatal illness started?,i351,I,N,N,N,N,N,N,N,N,N,N,N,N,N,N,N,N,N,N,N,N,N,N,N,N,N,N,N,N,N,N,N,N,N,N,N,N,N,N,N,N,N,N,N,N,N,N,F,H,C,C,C,C,B,N,N,N,N,N,N,N,N,N,N,N,N,N
i408o,"Before the illness that led to death, was the baby/child growing normally?","Before the illness that led to death, was the baby/the child growing normally?",,A+,E,E,A,A,A,A,A,A,A,A,A,A,A,A,A,A,A,A,A,A,A,A,B,A,A,A,A,A,A,B,A,A,A,A,A,A,B,A,A,A,A,A,A,A,A,A,A,G,B,A,A,A,A,N,N,A,A,A,A,A,A,A,A,A,A,A
i120a,Did the final illness last less than 3 weeks?,For how long was (s)he ill before death? (children & adults) & For how many days was s(he) ill before death? (neonates),i120,A,A,A-,B,B,B,B,B,C,B,B,B,C,B,B,B,B,D,B,D,C,C,B,B,B,B,B,B,B,B,B,C,B,B,B,B,B,B,B,B,B,B,B,B,B,A,B,B,B,B,B,B,B,B,I,I,B,B,B,B,B,B,B,B,B,B,B
i120b,Did the final illness last at least 3 weeks but less than 3 months?,For how long was (s)he ill before death? (children & adults) & For how many days was s(he) ill before death? (neonates),i120,A,B+,B+,G,G,B,C,G,G,G,G,C,G,F,G,C,G,C,F,C,C,D,F,C,B,B,D,F,C,F,F,F,F,G,C,C,F,C,G,G,F,D,H,D,G,D,F,G,H,G,G,C,C,C,N,N,G,G,G,G,G,G,G,G,G,G,D
i120c,Did the final illness last at least 3 months?,For how long was (s)he ill before death? (children & adults) & For how many days was s(he) ill before death? (neonates),i120,A,B+,B+,G,G,G,D,G,G,G,G,C,F,G,G,G,G,C,B,A,B,C,B,F,G,C,G,D,G,G,C,A,F,H,B,C,G,F,G,G,B,F,G,H,G,G,G,G,G,G,G,H,C,G,N,N,G,G,G,G,G,G,G,G,G,G,G
i123o,Did (s)he die suddenly?,Did (s)he die suddenly?,,A-,A-,A+,G,G,G,G,G,G,F,F,G,G,G,D,D,G,G,G,G,G,G,G,G,H,H,G,C,A,G,D,G,G,F,G,C,F,G,D,G,G,F,G,G,G,B,G,F,G,G,G,F,G,G,I,I,B,F,B,G,G,C,C,A,C,G,G
i147o,Did (s)he have a fever?,Did (s)he have a fever?,,B,B,B,A,B,C,C,I,B,A,F,B,B,I,C,B,A,C,D,F,C,D,F,C,F,B,F,F,F,B,F,C,F,D,F,F,G,F,F,C,F,F,F,A,F,F,F,F,F,B,B,C,F,C,N,N,F,F,F,F,F,C,D,F,F,F,F
i148a,Did the fever last less than a week before death?,How long did the fever last? (children & adults) & How many days did the fever last? (neonates),i148,C,B,B,C,C,C,C,B,C,C,C,C,C,C,B,B,C,C,D,C,C,C,C,C,C,C,C,C,C,C,C,C,B,C,C,C,C,C,C,C,C,C,C,C,C,C,C,C,C,B,C,C,C,B,N,N,C,C,C,C,C,B,C,C,C,C,C
i148b,"Did the fever last at least one week, but less than 3 weeks before death?",How long did the fever last? (children & adults) & How many days did the fever last? (neonates),i148,C,A,A,B,C,C,D,F,D,B,F,B,B,C,D,F,C,C,D,D,F,F,F,F,F,F,F,F,F,D,F,F,F,D,F,F,F,F,F,F,F,F,F,C,D,F,F,F,F,F,D,D,F,F,N,N,F,F,F,F,F,D,F,F,F,F,F
i148c,Did the fever last at least 3 weeks before death?,How long did the fever last? (children & adults) & How many days did the fever last? (neonates),i148,C,B,B,D,F,G,G,G,G,F,G,B,G,F,G,G,G,F,F,C,G,G,F,G,F,G,G,G,G,D,G,G,G,G,G,G,G,G,G,G,G,G,G,C,F,G,G,G,G,G,G,F,G,G,N,N,G,G,G,G,G,G,G,G,G,G,G
i149o,Did the fever continue until death?,Did the fever continue until death?,,C,B,B,A,F,C,B,B,A,B,F,B,F,B,B,B,B,F,D,C,F,C,F,D,D,F,F,D,F,F,F,G,F,C,F,F,F,F,F,C,F,F,C,B,F,F,F,F,F,B,A,D,F,F,N,N,F,F,F,F,F,D,D,F,F,F,G
i150a,Was the fever severe?,How severe was the fever?,,C,B,B-,B,B,G,B,B,B,B,G,C,C,A,A,G,C,F,G,F,F,F,G,F,G,G,G,G,G,C,G,F,G,C,G,G,G,G,G,C,G,G,G,A,G,G,G,N,N,N,N,N,N,N,N,N,G,G,G,G,G,G,C,G,G,G,G
i151a,Was the fever continuous?,What was the pattern of the fever?,i151,C,B,B-,B,C,F,C,C,A,A,D,B,F,B,C,B,C,F,F,F,F,F,F,D,C,F,F,C,F,C,F,F,F,C,F,F,G,F,F,C,F,F,F,C,F,F,F,N,N,N,N,N,N,N,N,N,F,F,F,F,C,D,F,F,F,F,F
i151b,Was the fever on and off?,What was the pattern of the fever?,i151,C,B,B-,C,C,C,C,A,C,C,C,C,C,C,C,C,C,C,C,C,C,C,F,B,C,C,C,C,C,C,C,C,C,C,C,C,C,C,C,C,C,C,C,C,G,C,C,N,N,N,N,N,N,N,N,N,C,C,C,C,C,D,D,C,C,C,C
i151c,Was the fever only at night?,What was the pattern of the fever?,i151,C-,C,C,F,F,F,F,G,F,D,F,B,F,D,D,F,D,G,F,F,F,D,F,G,F,F,F,F,F,F,F,F,F,G,F,F,G,F,F,F,F,F,F,D,F,F,F,N,N,N,N,N,N,N,N,N,F,F,F,F,G,F,F,F,F,F,F
i153o,Did (s)he have a cough?,Did (s)he have a cough?,,B,B,B,C,A,C,F,G,B,F,F,I,I,F,F,B,C,F,F,A,F,F,F,F,F,F,F,C,F,C,D,B,B,F,F,F,F,F,F,F,F,F,F,F,F,F,F,F,F,B,C,F,F,F,N,N,F,F,F,F,G,F,F,F,F,F,F
i154a,Did the cough last less than 3 weeks?,For how long did (s)he have a cough?,i154,B+,B+,B+,A,A,B,A,F,B,A,A,F,A,A,A,A,A,C,A,A,B,A,A,A,A,A,A,A,A,C,A,C,A,A,A,A,A,B,A,A,A,A,A,A,A,A,A,N,N,N,N,N,N,N,N,N,A,A,A,A,A,A,A,A,A,A,A
i154b,"Did the cough last at least 3 weeks, but less than 10 weeks?",For how long did (s)he have a cough?,i154,B,B,B,C,F,D,F,G,B,C,F,B,D,F,F,C,C,F,F,B,C,F,F,C,F,F,F,D,F,F,B,A,D,F,F,F,F,F,F,F,F,F,F,F,F,F,F,N,N,N,N,N,N,N,N,N,F,F,F,F,D,F,F,F,F,F,F
i154c,Did the cough last at least 10 weeks?,For how long did (s)he have a cough?,i154,B,B,B,F,G,D,G,H,G,F,G,B,D,G,G,F,G,G,G,B,G,G,G,C,G,G,G,G,G,G,B,B,B,G,G,G,G,G,G,G,G,G,G,G,G,G,D,N,N,N,N,N,N,N,N,N,G,G,G,G,G,G,G,G,G,G,G
i155o,"Was the cough productive, with sputum?","Was the cough productive, with sputum?",,B-,B-,B-,G,A,C,G,G,G,G,G,A,D,G,G,G,B,D,G,B,G,G,G,F,G,G,G,D,G,G,F,B,D,G,G,G,G,G,G,G,G,G,G,G,G,G,F,N,N,N,N,N,N,N,N,N,G,G,G,G,G,G,G,G,G,G,G
i156o,Was the cough very severe?,Was the cough very severe?,,D,D,D,B,B,C,H,G,C,F,H,B,B,H,H,D,C,F,H,B,H,H,H,H,H,H,H,D,H,F,D,A,C,H,H,H,H,G,H,H,G,H,H,H,H,H,D,N,N,N,N,N,N,N,N,N,H,H,H,H,F,H,H,H,H,H,H
i157o,Did (s)he cough up blood?,Did (s)he cough up blood?,,C+,C+,C+,G,F,D,G,G,G,G,G,D,F,G,G,D,G,G,F,B,F,G,G,C,G,G,G,D,G,G,G,G,F,G,G,G,G,D,G,G,G,G,G,G,G,G,G,N,N,N,N,N,N,N,N,N,G,G,G,G,G,G,G,G,G,G,G
i158o,Did (s)he make a whooping sound when coughing?,Did (s)he make a whooping sound when coughing?,,A+,E,E,F,G,G,G,G,G,G,G,G,I,G,G,F,G,G,G,G,G,G,G,G,G,G,G,G,G,G,G,D,G,G,G,G,G,G,G,G,G,G,G,G,G,G,G,G,G,H,G,G,G,G,N,N,G,G,G,G,G,G,G,G,G,G,G
i159o,Did s/he have any difficulty breathing or breathlessness?,Did s/he have any difficulty breathing or breathlessness?,,D,C,C+,C,B,C,G,G,G,D,G,B,B,D,C,B,G,G,F,C,C,G,G,G,B,F,F,B,G,C,B,I,A,G,D,B,G,C,G,F,B,G,G,G,G,G,F,B,C,I,C,C,G,C,N,N,C,G,G,G,C,B,C,G,F,G,G
i161a,Did the difficult breathing or breathlessness last for at least 10 weeks?,For how long did the difficulty breathing or breathlessness last? (children & adults) & For how many days did the difficulty breathing or breathlessness last? (neonates),i161,D,C,C+,G,F,F,F,G,C,C,C,C,F,D,C,D,C,D,C,C,C,C,C,C,C,C,F,C,C,C,B,C,C,G,F,G,G,C,H,C,C,G,C,D,C,C,D,C,H,H,F,G,C,F,N,N,H,G,H,H,G,G,H,G,G,G,C
i161b,"Did the difficult breathing or breathlessness last for at least 3 weeks, but less than 10 weeks?",For how long did the difficulty breathing or breathlessness last? (children & adults) & For how many days did the difficulty breathing or breathlessness last? (neonates),i161,D,C,C+,F,F,F,F,G,F,F,F,C,C,D,F,D,D,C,F,C,D,C,C,C,C,F,F,C,F,D,C,D,B,G,C,F,G,F,F,F,C,F,F,D,D,F,D,F,G,C,F,G,C,D,N,N,H,F,F,H,G,D,F,F,G,F,F
i161c,"Did the difficult breathing or breathlessness last for at least 3 days, but less than 3 weeks?",For how long did the difficulty breathing or breathlessness last? (children & adults) & For how many days did the difficulty breathing or breathlessness last? (neonates),i161,D,C,C+,F,C,F,F,C,F,F,F,F,A,D,F,C,F,D,F,F,C,D,F,F,C,F,C,C,F,F,D,D,B,F,C,C,G,F,D,C,B,G,F,C,B,F,C,C,B,B,F,D,C,D,N,N,G,F,F,H,C,D,C,F,C,F,F
i161d,Did the difficult breathing or breathlessness last for less than 3 days?,For how long did the difficulty breathing or breathlessness last? (children & adults) & For how many days did the difficulty breathing or breathlessness last? (neonates),i161,C+,C,D,B,B,G,C,C,B,G,F,G,C,B,G,B,C,G,H,F,G,G,G,G,G,G,G,G,G,F,G,G,B,D,G,F,G,G,D,C,B,G,G,C,C,G,B,F,B,C,C,F,C,F,N,N,B,G,G,H,C,B,C,G,G,F,G
i165a,Was the difficult breathing continuous?,Was the difficulty in breathing  continuous or on and off?,,D,C,C+,C,C,C,C,F,C,C,C,B,C,C,C,B,C,C,C,C,C,C,F,C,C,C,F,B,C,C,C,C,A,G,C,C,F,C,C,C,C,C,C,C,C,C,C,N,N,N,N,N,N,N,N,N,C,C,C,C,C,B,C,C,C,C,C
i170o,Was (s)he unable to carry out daily routines due to breathlessness?,Was (s)he unable to carry out daily routines due to breathlessness?,,C,C,C+,F,C,F,F,B,F,D,G,C,F,F,F,A,F,C,D,B,C,F,C,B,A,F,F,C,F,F,A,B,A,F,F,F,F,F,F,F,D,F,F,F,C,F,D,N,N,N,N,N,N,N,N,N,G,F,F,G,G,F,G,D,F,F,F
i171o,Was (s)he breathless while lying flat?,Was (s)he breathless while lying flat?,,C,C,C+,G,G,H,H,F,G,H,H,D,B,G,H,F,G,H,D,G,G,G,H,H,C,F,G,A,H,D,B,C,A,G,C,G,H,G,G,H,G,H,H,H,H,H,F,N,N,N,N,N,N,N,N,N,H,H,H,H,H,H,H,H,H,H,H
i166o,Did (s)he have fast breathing?,Did (s)he have fast breathing?,,A+,D,D,B,B,C,G,C,C,G,G,B,C,F,G,A,C,G,F,A,G,F,F,G,C,B,C,B,G,F,B,A,C,G,F,C,G,G,D,F,G,C,G,C,C,G,C,F,C,B,C,D,C,B,N,N,F,G,G,G,C,C,C,F,F,C,G
i167a,Did the fast breathing last for less than 3 days before death?,How long did the fast breathing last? (children & adults) & For how many days did the fast breathing last? (neonates),i167,A+,D,D,C,C,F,D,B,D,C,C,C,D,D,C,C,C,D,D,D,C,C,C,F,B,D,C,A,D,D,C,F,B,F,G,C,F,D,F,D,D,C,D,D,C,D,D,C,B,C,C,C,C,D,N,N,D,D,D,C,F,B,D,D,F,D,D
i167b,"Did the fast breathing last for at least 3 days, but less than 3 weeks before death?",How long did the fast breathing last? (children & adults) & For how many days did the fast breathing last? (neonates),i167,A+,D,D,B,C,D,D,C,D,F,D,C,D,D,D,B,B,C,D,B,D,D,C,F,C,D,D,C,D,C,C,D,C,D,D,C,F,D,F,D,F,D,D,D,C,D,D,C,C,B,D,C,C,D,N,N,D,D,D,H,D,D,D,D,D,F,D
i167c,"Did the fast breathing last for at least 3 weeks, but less than 10 weeks before death?",How long did the fast breathing last? (children & adults) & For how many days did the fast breathing last? (neonates),i167,A+,D,D,F,C,C,C,D,G,D,F,C,C,D,F,C,C,D,C,B,C,C,C,C,C,F,G,C,C,D,C,C,D,G,C,C,D,C,F,C,F,H,C,F,C,C,C,C,D,G,F,F,C,C,N,N,C,C,C,H,C,G,D,C,F,D,D
i167d,Did the fast breathing last for at least 10 weeks before death?,How long did the fast breathing last? (children & adults) & For how many days did the fast breathing last? (neonates),i167,A+,D,D,G,B,F,B,F,G,F,G,B,B,C,F,B,C,B,G,B,B,G,C,F,F,G,G,F,B,C,B,B,D,F,G,F,G,B,F,B,F,G,B,B,C,B,G,H,H,N,H,F,F,N,N,N,B,B,B,H,F,G,F,G,G,B,G
i172o,Did you see the lower chest wall/ribs being pulled in as the child breathed in (chest in-drawing)?,Did you see the lower chest wall/ribs being pulled in as the child breathed in (chest in-drawing)?,,A+,E,E,C,B,C,G,F,C,G,G,C,D,G,G,G,C,G,G,G,H,F,G,F,B,F,G,G,G,G,A,G,A,G,G,F,G,G,N,N,N,N,N,N,N,N,N,C,B,C,B,F,D,F,N,N,F,G,F,G,F,F,C,H,G,G,G
i173a,Did his/her breathing sound like wheezing?,Did his/her breathing sound like any of the following: wheezing; grunting; stridor/ Did (s)he have wheezing?,,C,C,C,G,G,F,H,H,F,H,G,H,G,H,H,C,D,G,H,D,F,F,G,F,H,F,H,G,H,G,C,C,I,H,H,G,H,G,H,G,H,H,H,F,H,H,H,H,G,C,G,G,H,G,N,N,H,H,G,H,F,H,D,H,H,H,H
i173b,Did his/her breathing sound like grunting?,Did his/her breathing sound like any of the following: wheezing; grunting; stridor,,A+,E,E,H,C,G,H,H,G,H,C,F,B,H,H,H,H,F,H,G,H,G,G,H,H,H,H,H,H,D,G,G,C,H,G,H,G,H,H,H,H,H,H,G,H,H,H,B,H,B,D,H,G,G,N,N,H,H,H,H,F,H,F,H,H,H,H
i173c,Did his/her breathing sound like stridor?,Did his/her breathing sound like any of the following: wheezing; grunting; stridor,,A+,E,E,F,F,H,H,H,F,H,H,H,A,H,H,G,H,H,G,C,H,H,G,G,H,H,H,G,H,H,H,C,H,H,H,G,H,H,H,H,G,H,H,G,H,H,G,G,H,H,F,F,G,D,N,N,H,H,H,H,H,C,G,H,H,H,G
i174o,Did (s)he have chest pain?,Did (s)he have chest pain?,,B-,B+,B+,F,B,D,F,F,F,F,F,C,F,F,F,B,C,F,F,B,C,F,F,F,F,F,F,A,F,C,B,C,B,F,F,F,F,F,G,F,F,F,F,D,D,F,D,N,N,N,N,N,N,N,N,N,G,D,F,F,C,F,F,C,F,F,F
i175o,Was the chest pain severe?,Was the chest pain severe?,,B-,B+,B+,G,C,F,G,G,G,G,G,C,G,G,G,D,C,G,G,C,C,G,G,G,C,G,G,A,G,B,C,F,B,G,F,G,G,F,G,F,F,G,G,C,G,G,G,N,N,N,N,N,N,N,N,N,F,D,C,F,G,C,G,G,B,G,C
i176a,Did (s)he experience chest pain less than 24 hours before death?,How many days before death did (s)he have chest pain?,i176,D,C,C,C,B,F,E,E,F,E,E,D,D,F,D,G,F,E,F,D,F,E,E,F,E,E,E,C,E,F,C,D,B,F,F,E,E,D,D,E,D,E,E,D,D,E,C,N,N,N,N,N,N,N,N,N,E,E,E,E,C,C,D,D,C,E,E
i176b,"Did (s)he experience chest pain at least 1 day, but less than 4 weeks before death?",How many days before death did (s)he have chest pain?,i176,D,C,C,D,C,F,D,D,D,D,D,B,D,F,C,C,D,D,C,C,D,D,D,C,D,D,D,C,D,D,C,D,B,F,D,D,D,D,F,D,D,D,D,D,D,D,D,N,N,N,N,N,N,N,N,N,D,D,D,D,C,C,D,D,C,D,D
i176c,"Did (s)he experience chest pain at least 4 weeks, but less than 8 weeks before death?",How many days before death did (s)he have chest pain?,i176,D,C,C,F,C,C,C,C,F,C,C,C,C,G,G,F,C,C,C,C,C,C,C,C,C,C,C,C,C,F,C,C,F,F,C,C,C,C,C,C,F,C,C,C,G,C,D,N,N,N,N,N,N,N,N,N,C,C,C,C,C,F,F,G,G,C,C
i176d,Did (s)he experience chest pain at least 8 weeks before death?,How many days before death did (s)he have chest pain?,i176,D,C,C,F,D,F,B,B,G,B,B,B,C,G,G,G,B,B,C,B,B,B,B,C,B,B,B,D,B,G,B,B,B,F,F,B,B,B,F,B,F,B,B,B,H,B,G,N,N,N,N,N,N,N,N,N,B,B,B,B,C,G,B,G,F,B,B
i178a,Did the chest pain last less than 1 hour?,How long did the chest pain last? (units: hours; days),i178,D,C,C,B,C,C,B,B,F,B,B,F,B,D,B,B,F,B,D,D,F,B,B,B,B,B,B,B,B,D,B,B,D,C,F,B,B,B,G,B,C,B,B,D,G,B,C,N,N,N,N,N,N,N,N,N,B,B,B,B,B,B,B,B,C,B,B
i178b,"Did the chest pain last at least 1 hour, but less than 24 hours?",How long did the chest pain last? (units: hours; days),i178,D,C,C,C,C,F,F,F,F,F,F,F,F,D,G,C,F,F,F,F,F,F,F,F,F,F,F,B,F,B,C,D,B,C,G,F,F,D,F,F,F,F,F,F,C,F,D,N,N,N,N,N,N,N,N,N,F,F,F,F,F,C,F,F,F,F,F
i178c,Did the chest pain last at least 24 hours?,How long did the chest pain last? (units: hours; days),i178,D,C,C,G,F,G,G,G,G,G,G,F,F,G,G,B,G,G,G,B,C,G,G,G,G,G,G,A,G,C,C,D,F,D,G,G,G,C,G,G,G,G,G,G,G,G,G,N,N,N,N,N,N,N,N,N,G,G,G,G,G,D,F,G,F,G,G
i181o,Did (s)he have diarrhoea?,Did (s)he have diarrhoea?,,B,B,B,C,F,B,I,F,C,F,F,F,F,C,F,D,C,F,C,F,F,F,F,D,F,C,F,F,F,F,F,F,F,F,C,F,F,G,F,F,F,F,F,F,F,F,F,C,G,F,D,F,F,F,H,H,F,F,F,F,F,G,D,F,F,F,F
i182a,Did (s)he have diarrhoea for less than 2 weeks?,How long did (s)he have diarrhoea?,i182,B+,B+,B+,B,B,B,B,C,C,B,B,B,B,A,B,B,B,B,B,B,B,B,B,B,C,B,B,B,B,B,B,B,B,B,B,C,B,B,B,B,B,B,B,A,B,B,B,N,N,N,N,N,N,N,N,N,B,B,B,B,B,B,B,B,B,B,B
i182b,Did (s)he have diarrhoea for at least 2 weeks but less than 4 week?,How long did (s)he have diarrhoea?,i182,B-,B-,B-,C,C,C,B,C,D,C,C,C,C,C,C,C,C,C,C,C,C,C,C,C,C,C,C,C,C,C,C,C,C,C,C,C,C,C,C,C,C,C,C,D,C,C,C,N,N,N,N,N,N,N,N,N,C,C,C,C,C,G,C,C,C,C,C
i182c,Did (s)he have diarrhoea for at least 4 weeks?,How long did (s)he have diarrhoea?,i182,B,B,B,F,C,C,C,D,D,F,G,C,C,D,C,F,C,C,C,C,C,C,D,C,C,C,C,C,C,F,C,C,C,C,G,F,C,D,C,C,C,C,C,D,C,C,C,N,N,N,N,N,N,N,N,N,C,C,C,C,C,G,G,C,C,C,C
i183a,Did the baby or child have at least 3 stools on the day that the diarrhoea was most frequent?,How many stools did the baby or child have on the day that diarrhoea was most frequent?,,A+,E,E,C,C,C,I,C,C,C,C,C,C,B,C,B,C,C,C,C,C,C,C,C,D,C,F,C,C,C,C,C,C,C,C,C,C,C,C,C,C,C,C,C,C,C,C,C,C,C,B,C,C,C,N,N,C,C,C,C,C,C,C,C,C,C,C
i184a,Did the diarrhoea start at least 4 weeks before death?,How many days before death did the diarrhoea start? (neonates) & How long before death did the diarrhoea start? (children),i184,A+,E,E,C,C,C,C,C,F,C,F,C,C,C,H,D,D,D,C,C,C,C,C,C,G,C,C,C,C,C,C,C,C,D,D,C,C,C,C,C,C,C,C,F,C,C,C,C,C,C,C,C,C,G,N,N,C,C,C,C,C,G,C,C,C,C,C
i184b,Did the diarrhoea start at least 2 weeks but less than 4 weeks before death?,How many days before death did the diarrhoea start? (neonates) & How long before death did the diarrhoea start? (children),i184,A+,E,E,C,C,C,C,C,C,C,F,C,C,C,F,F,C,C,C,C,C,C,C,C,F,C,C,C,C,C,C,C,C,D,D,C,C,C,C,C,C,C,C,F,C,C,C,C,C,C,C,C,F,G,N,N,C,C,C,C,C,H,D,C,C,C,C
i184c,Did the diarrhoea start at least 4 days but less than 2 weeks before death?,How many days before death did the diarrhoea start? (neonates) & How long before death did the diarrhoea start? (children),i184,A+,E,E,F,D,C,B,C,D,D,D,D,D,D,C,C,C,D,D,D,D,C,C,D,D,C,D,D,D,C,D,D,D,D,F,D,D,D,D,D,D,D,D,D,D,D,D,D,D,D,B,D,D,C,N,N,D,D,D,D,D,F,D,D,D,D,D
i184d,Did the diarrhoea start 3 days before death?,How many days before death did the diarrhoea start? (neonates) & How long before death did the diarrhoea start? (children),i184,A+,E,E,D,D,D,C,C,D,D,F,D,D,D,B,C,D,D,D,D,D,D,D,D,D,F,C,D,D,C,D,D,D,D,F,D,D,D,D,D,D,D,D,D,D,D,D,D,D,D,C,D,D,G,N,N,D,D,D,D,D,D,D,D,D,D,D
i184e,Did the diarrhoea start less than 3 days before death?,How many days before death did the diarrhoea start? (neonates) & How long before death did the diarrhoea start? (children),i184,A+,E,E,D,D,D,F,F,C,D,D,D,D,D,D,C,D,D,D,D,D,D,D,D,D,D,D,D,D,G,D,D,D,B,D,D,D,G,D,D,D,D,D,D,D,D,D,D,D,D,C,D,D,A,N,N,D,D,D,D,D,D,D,D,D,D,D
i185o,Did the diarrhoea continue until death?,Did the diarrhoea continue until death?,,N,N,N,F,G,B,B,C,B,C,G,G,G,G,F,B,G,G,F,G,G,F,G,G,G,G,G,G,G,F,G,G,G,D,G,F,G,G,G,G,G,G,G,F,G,G,F,N,N,N,N,N,N,N,N,N,G,G,G,G,G,C,F,G,G,G,G
i186o,At any time during the final illness was there blood in the stools?,At any time during the final illness was there blood in the stools?,,C,C,C,F,F,F,C,F,F,F,F,F,F,D,C,F,D,F,B,F,F,F,F,D,D,F,G,F,F,G,F,F,F,C,F,F,F,F,F,F,F,F,F,G,F,G,F,F,F,F,F,F,F,F,N,N,F,F,F,F,F,D,D,F,F,F,F
i188o,Did (s)he vomit?,Did (s)he vomit?,,B+,B+,B+,C,F,F,C,B,F,B,F,F,C,C,B,F,C,F,B,C,F,F,F,B,D,C,C,D,F,F,F,F,F,B,C,C,D,F,F,F,G,F,F,F,D,F,F,F,F,G,C,F,C,F,N,N,F,H,F,F,F,D,C,H,F,G,F
i190a,Did (s)he vomit for at least 14 days?,For how long did (s)he vomit?,i190,D,D,C,G,G,F,G,G,H,G,G,G,G,G,F,G,G,G,C,G,G,G,G,D,G,F,G,H,F,G,G,G,G,F,G,F,G,G,H,G,F,G,G,G,G,G,G,N,N,N,N,N,N,N,N,N,G,G,G,G,G,G,D,G,G,G,G
i190b,"Did (s)he vomit for at least 7 days, but less than 14 days?",For how long did (s)he vomit?,i190,D,D,C,C,G,F,G,G,G,D,G,G,G,G,F,G,G,G,C,G,G,G,G,F,G,D,G,G,F,G,G,G,G,C,G,G,G,G,G,G,G,G,G,G,G,G,D,N,N,N,N,N,N,N,N,N,G,G,G,G,G,F,G,G,G,G,G
i190c,"Did (s)he vomit for at least 2 days, but less than 7 days?",For how long did (s)he vomit?,i190,D,D,C,D,G,D,C,B,C,B,G,G,G,C,C,G,G,C,C,G,G,G,G,F,G,C,B,G,C,G,G,G,F,B,G,G,G,G,C,G,G,G,G,G,F,G,F,N,N,N,N,N,N,N,N,N,G,G,G,G,G,D,C,G,G,G,G
i190d,Did (s)he vomit for 1 day?,For how long did (s)he vomit?,i190,C,C,D,C,D,C,C,B,C,B,C,C,C,C,C,C,C,C,C,C,C,C,C,C,C,C,C,C,C,B,C,C,H,A,C,C,C,C,C,C,C,C,C,C,C,C,C,N,N,N,N,N,N,N,N,N,C,C,C,C,C,C,C,C,C,C,C
i190e,Did (s)he vomit for less than 24 hours?,For how long did (s)he vomit?,i190,C,C,D,C,F,C,B,B,B,B,B,B,B,C,B,B,C,C,B,C,B,B,B,C,D,D,B,C,B,C,B,B,C,B,B,B,B,B,C,B,B,B,B,B,B,B,B,N,N,N,N,N,N,N,N,N,B,B,B,B,B,B,B,B,B,B,B
i189o,Did (s)he vomit in the week preceding the death?,Did (s)he vomit in the week preceding the death?,,B+,B+,B+,C,G,G,B,C,C,C,G,G,B,B,C,G,G,G,C,G,G,G,G,G,D,G,C,D,G,G,G,G,G,C,B,D,F,B,B,G,D,G,G,G,G,G,F,F,G,C,B,G,F,D,N,N,G,G,G,G,G,D,D,G,B,G,G
i189a,Did s/he vomit every time s/he ate and/or drank?,Did s/he vomit every time s/he ate and/or drank?,,D,D,C,C,D,F,C,C,F,D,F,F,F,F,C,F,F,C,C,D,F,F,F,F,F,G,F,F,F,F,F,F,F,C,F,C,F,F,D,F,F,F,F,F,F,F,C,F,F,D,F,F,F,F,N,N,F,F,F,F,F,G,F,F,F,F,F
i191o,Was there blood in the vomit?,Was there blood in the vomit?,,C,C,C,G,G,D,F,G,G,G,G,G,G,B,B,G,G,D,F,C,G,G,G,C,G,G,G,G,G,G,G,G,G,D,B,G,G,G,G,G,G,G,G,G,G,G,G,G,N,N,N,N,G,N,N,N,G,G,G,G,G,G,C,G,G,G,G
i192o,Was the vomit black?,Was the vomit black?,,D,D,D,G,G,F,G,F,G,G,G,G,G,G,F,G,F,G,C,G,G,G,G,G,C,G,G,G,G,G,G,G,G,D,G,G,G,G,G,G,G,G,G,D,F,G,G,N,N,N,N,N,N,N,N,N,G,F,G,G,G,D,F,G,G,F,G
i194o,Did (s)he have abdominal pain?,Did (s)he have abdominal pain?,,B,B+,B,C,F,F,B,C,F,F,F,F,F,C,C,F,F,F,A,F,F,C,B,C,F,F,F,D,F,C,F,F,F,A,C,C,F,F,I,A,F,B,A,D,F,B,C,N,N,N,N,N,N,N,N,N,C,F,F,F,F,F,B,F,C,D,F
i195o,Was the abdominal pain severe?,Was the abdominal pain severe?,,B,B,B,B,F,G,C,D,D,F,F,F,F,C,C,D,C,F,B,F,F,C,F,F,G,F,F,F,F,C,F,F,F,I,C,G,F,C,A,A,C,B,B,C,F,A,B,N,N,N,N,N,N,N,N,N,B,F,F,F,F,C,C,F,C,F,C
i197a,Did (s)he have abdominal pain for less than 2 weeks?,For how long did (s)he have abdominal pain?,,B-,B+,B+,B,B,B,B,B,B,B,B,B,B,C,B,B,B,B,C,B,B,C,B,C,B,B,F,C,B,B,B,B,B,B,B,B,B,B,B,B,B,C,B,B,F,B,B,N,N,N,N,N,N,N,N,N,B,B,B,B,B,D,B,D,B,B,B
i199a,Was the pain in the upper right abdomen?,Where was the location of the abdominal pain?,,D,C,C,C,C,C,B,C,C,C,C,C,C,C,C,C,C,C,C,C,C,D,F,C,C,C,C,C,C,C,C,C,C,C,B,C,C,C,C,C,C,C,C,C,C,C,C,N,N,N,N,N,N,N,N,N,C,C,C,C,C,C,C,C,C,C,C
i199b,Was the pain in the upper left abdomen?,Where was the location of the abdominal pain?,,D,C+,B,C,C,C,C,C,C,C,C,C,C,C,C,C,C,C,C,C,C,C,F,C,C,C,C,C,C,B,C,C,C,C,C,C,C,C,C,F,C,C,C,C,C,C,C,N,N,N,N,N,N,N,N,N,C,F,C,C,C,C,C,C,C,C,C
i199c,Was the pain in the lower right abdomen?,Where was the location of the abdominal pain?,,D,C+,B,C,C,C,C,C,C,C,C,C,C,C,C,D,C,C,C,C,C,C,C,C,C,C,F,C,C,C,F,C,C,B,C,C,C,D,B,C,C,C,C,C,C,C,C,N,N,N,N,N,N,N,N,N,C,F,C,C,C,C,C,F,C,C,C
i199d,Was the pain in the lower left abdomen?,Where was the location of the abdominal pain?,,D,C+,B,C,C,C,C,C,C,C,C,C,C,C,C,C,C,C,C,C,C,C,F,C,C,C,F,C,C,C,C,C,C,C,D,C,C,C,B,C,C,B,C,C,C,C,C,N,N,N,N,N,N,N,N,N,C,F,C,C,C,D,C,C,C,C,C
i200o,Did (s)he have a more than usually protruding abdomen?,Did (s)he have a more than usually protruding abdomen?,,C,B,B,D,F,F,D,G,F,F,F,F,F,F,D,F,F,F,F,F,F,C,F,F,G,C,F,F,F,F,B,F,F,C,A,F,F,F,F,F,F,G,F,D,F,C,D,N,N,N,N,N,N,N,N,N,F,F,H,F,F,G,F,G,F,F,F
i201a,Did (s)he have a more than usually protruding abdomen for less than 2 weeks before death?,For how long before death did (s)he have a more than usually protruding abdomen?,,C,B,C,F,F,D,D,C,F,F,F,F,F,F,C,F,F,F,D,F,F,G,F,F,F,F,F,F,F,F,F,F,F,B,B,C,F,F,C,F,G,F,F,F,G,F,F,D,F,F,F,F,F,F,N,N,F,G,F,F,F,F,F,F,F,F,F
i203a,Did (s)he develop the protruding abdomen rapidly?,How rapidly did (s)he develop the protruding abdomen?,,C,C,C,F,F,F,F,F,G,F,F,F,F,D,G,F,F,F,F,F,F,D,F,F,F,F,F,F,F,F,F,F,F,F,F,F,F,F,F,F,F,F,G,G,F,F,F,N,N,N,N,N,N,N,N,N,F,F,F,F,F,G,F,G,G,F,F
i204o,Did (s)he have any mass in the abdomen?,Did (s)he have any mass in the abdomen?,,C-,C+,C+,G,G,F,G,G,G,G,G,G,G,G,G,G,G,G,B,G,G,B,B,C,D,F,G,G,G,C,G,G,G,F,F,F,G,G,C,G,G,G,F,G,G,F,G,N,N,N,N,N,N,N,N,N,G,G,G,G,G,G,G,G,G,G,G
i205a,Did (s)he have a mass in the abdomen for less than 2 weeks?,For how long did (s)he have a mass in the abdomen?,,C-,B-,C+,F,E,F,F,F,E,E,E,E,E,E,E,E,F,E,F,E,E,C,F,F,G,F,E,E,E,G,E,E,E,C,F,E,E,G,C,F,F,G,F,D,F,F,F,N,N,N,N,N,N,N,N,N,E,E,E,E,E,E,E,E,E,E,E
i207o,Did (s)he have a severe headache?,Did (s)he have a severe headache?,,A-,A-,A,D,F,C,F,C,C,I,D,F,F,C,F,C,D,F,F,F,F,F,F,F,D,F,F,F,C,B,F,F,F,F,F,F,F,F,C,F,B,F,F,F,F,F,F,N,N,N,N,N,N,N,N,N,F,C,F,F,F,C,F,F,F,C,F
i208o,Did s/he have a stiff or painful neck?,Did s/he have a stiff or painful neck?,,C-,C-,C-,C,G,G,G,D,G,B,A,G,G,G,G,G,G,D,G,G,G,G,G,G,G,G,G,G,G,F,G,G,G,G,G,G,G,G,G,G,G,G,G,G,F,G,F,N,N,N,N,N,N,N,N,N,F,G,F,G,G,G,G,G,G,G,G
i209a,Did (s)he have a stiff or painful neck for less than one week before death?,How long before death did (s)he have a stiff or painful neck?,,C-,C-,C-,C,C,C,C,C,G,B,B,C,C,D,C,C,C,C,C,F,C,C,C,F,C,C,C,C,B,C,C,C,C,C,C,C,C,C,C,C,G,C,C,C,F,C,C,N,N,N,N,N,F,N,N,N,C,C,C,C,G,B,C,C,C,C,C
i212o,Did (s)he have mental confusion?,Did (s)he have mental confusion?,,B-,C,C,C,F,D,C,F,F,C,F,F,D,F,F,F,C,F,F,F,F,F,F,F,F,G,B,F,C,G,F,F,F,F,C,C,F,G,F,D,B,F,G,D,F,F,F,N,N,N,N,N,N,N,N,N,F,D,F,G,F,D,C,F,F,F,F
i213o,Did (s)he have mental confusion for at least 3 months?,How long did (s)he have mental confusion?,,B-,C,C,G,C,C,D,F,C,D,B,D,G,C,G,D,G,B,B,B,B,B,B,G,F,C,B,D,G,F,G,B,G,C,B,C,C,C,G,G,B,H,F,G,F,F,D,N,N,N,N,N,N,N,N,N,F,G,F,F,G,B,C,B,B,B,B
i214o,Was (s)he unconscious?,Was (s)he unconscious?,,B,B,B,F,F,D,G,D,G,C,G,G,G,D,G,G,D,G,G,G,G,G,G,F,G,F,F,D,B,G,C,D,G,F,B,C,B,G,C,G,B,D,F,C,G,B,F,N,N,N,N,N,N,N,N,N,B,B,G,F,G,F,C,F,D,B,C
i216a,Did the unsconscious start less than 6 hours before death?,How long before death did unsconsciousness start?,,B,B,B,C,H,C,G,G,G,C,H,H,H,F,A,F,G,H,H,H,H,H,H,G,C,F,C,G,B,F,C,D,G,B,F,G,B,G,D,G,D,B,G,D,H,C,F,G,F,G,C,F,G,F,N,N,A,G,H,H,G,G,D,H,H,H,H
i217o,"Did the unconsciousness start suddenly, quickly (at least within a single day)?","Did the unconsciousness start suddenly, quickly (at least within a single day)?",,C,C,C,C,C,C,C,C,C,C,C,C,C,C,C,C,C,C,C,C,C,C,C,C,C,F,C,C,C,C,C,D,C,F,C,C,B,C,C,C,C,C,C,C,C,C,C,N,N,N,N,N,N,N,N,N,C,C,C,C,C,B,B,C,B,C,C
i220o,Did (s)he experience any generalized convulsions?,Did (s)he experience any generalized convulsions?,,C,C,B,G,G,D,G,C,G,B,C,G,G,G,G,G,D,G,G,G,G,G,G,G,G,G,G,G,D,G,G,G,G,G,G,G,A,G,G,G,C,G,G,F,G,G,F,N,N,N,N,N,N,N,N,N,G,D,D,G,F,B,G,G,G,G,F
i222o,Did (s)he become unconscious immediately after the convulsion?,Did (s)he become unconscious immediately after the convulsion?,,C+,C+,B-,A,F,F,F,F,C,D,F,E,D,F,B,F,C,E,E,E,E,E,E,C,F,E,D,E,D,F,E,E,E,E,E,G,C,D,F,F,A,F,E,F,F,D,C,N,N,N,N,N,N,N,N,N,C,D,F,D,F,B,C,C,G,D,D
i275o,Did the baby have convulsions starting within the first 24 hours of life?,Did the baby have convulsions starting within the first 24 hours of life?,,A+,E,E,G,H,G,G,G,G,F,G,G,G,G,F,F,G,G,G,G,G,G,G,G,G,G,G,G,G,G,G,G,G,G,G,G,C,F,N,N,N,N,N,G,G,F,G,G,A,G,G,C,G,F,N,N,G,G,G,G,G,G,G,G,G,G,G
i223o,Did (s)he have any urine problems?,Did (s)he have any urine problems?,,B,B,B,C,G,G,F,G,G,G,G,G,G,F,F,G,C,G,G,G,G,C,D,G,G,F,G,G,G,D,F,G,G,G,G,A,G,G,G,G,F,F,G,G,G,G,D,N,N,N,N,N,N,N,N,N,G,G,G,G,F,G,F,G,G,G,G
i226o,During the final illness did (s)he ever pass blood in the urine?,During the final illness did (s)he ever pass blood in the urine?,,C-,C-,C-,F,G,G,G,G,G,G,G,G,G,C,F,G,F,G,G,G,G,C,C,G,G,G,G,G,G,G,G,G,G,F,G,C,G,F,G,G,G,G,F,G,F,G,G,N,N,N,N,N,N,N,N,N,D,F,G,G,G,G,G,G,G,G,F
i224o,Did (s)he stop urinating?,Did (s)he stop urinating?,,C-,C-,C-,B,G,G,B,F,G,G,G,G,G,F,G,G,G,G,G,G,G,G,F,G,F,G,G,G,G,G,G,G,G,G,G,B,G,G,G,G,G,D,G,D,G,D,G,N,N,N,N,N,N,N,N,N,G,G,G,G,F,G,D,G,G,G,F
i230o,Did (s)he have an ulcer on the foot?,Did (s)he have an ulcer on the foot?,,C,C,C,D,G,G,G,G,G,G,G,G,G,G,G,G,D,G,G,G,G,G,G,C,G,F,C,G,G,G,G,G,G,G,G,G,G,G,G,G,G,G,G,G,G,G,G,N,N,N,N,N,N,N,N,N,G,G,G,G,G,G,G,G,G,G,G
i231o,Did the ulcer on the foot have pus?,Did the ulcer on the foot have pus?,,D,D,D,C,C,F,C,C,C,C,C,C,C,C,C,C,C,C,C,C,C,C,C,C,C,C,C,C,C,C,C,C,C,C,C,D,C,C,C,C,C,C,C,C,C,C,D,N,N,N,N,N,N,N,N,N,C,C,C,C,G,C,C,C,F,C,C
i232a,Did the ulcer on the foot have ooze pus for at least 2 weeks?,How long did the ulcer on the foot ooze have pus?,,D,D,D,C,F,F,F,F,F,F,F,F,F,F,F,F,F,F,F,F,F,F,F,G,F,G,B,F,F,F,F,F,F,F,F,F,F,F,F,F,F,F,F,F,F,F,F,N,N,N,N,N,N,N,N,N,F,F,F,F,F,F,F,F,F,F,F
i227o,Did (s)he have ulcers or sores anywhere else on the body?,Did (s)he have ulcers or sores anywhere else on the body?,,B,B,B,F,F,C,F,F,F,F,F,F,F,F,F,F,F,F,F,F,F,F,G,F,F,G,D,F,G,F,F,F,F,F,F,F,F,F,F,F,F,F,F,F,F,F,F,N,N,N,N,N,N,N,N,N,F,F,F,F,F,F,F,F,F,F,F
i229o,Did the ulcers or sores  have pus?,Did the ulcers or sores  have pus?,,D,D,D,C,F,F,F,F,F,F,F,F,F,F,F,F,D,F,F,F,F,F,D,F,F,F,C,F,F,G,F,F,F,F,F,F,F,F,F,F,F,F,F,F,F,F,F,N,N,N,N,N,N,N,N,N,F,F,F,F,F,F,F,D,G,F,G
i233o,Did (s)he have any skin rash?,Did (s)he have any skin rash?,,C,C,C,C,C,C,C,C,B,C,C,C,C,C,B,C,C,C,C,C,C,C,C,C,C,C,C,C,C,F,C,C,C,C,C,C,C,C,C,C,F,C,C,C,C,C,D,D,C,D,D,C,C,C,N,N,C,C,C,C,C,C,C,C,C,C,C
i234a,Did (s)he have the skin rash for less than one week?,Did (s)he have the skin rash for less than one week?,,C,C,C,B,B,B,B,B,I,B,B,B,B,B,B,B,B,B,B,B,C,B,B,B,G,C,B,B,B,F,B,B,B,B,B,B,B,G,B,B,F,B,B,C,B,B,B,N,N,N,N,N,N,N,N,N,B,B,B,B,B,B,B,B,B,B,B
i235a,Did (s)he have a rash on the face?,Where was the rash?,,C,C,C,D,C,C,C,C,A,C,C,C,C,C,C,C,C,C,C,C,C,C,C,C,C,D,C,C,C,C,C,C,C,C,C,C,C,C,C,C,D,C,C,F,C,C,C,N,N,N,N,N,N,N,N,N,C,C,C,C,C,C,C,C,C,C,C
i235b,Did (s)he have a rash on the trunk or abdomen?,Where wa the rash?,,C,C,C,C,C,C,C,C,C,C,C,C,C,D,C,C,C,C,C,C,C,C,C,C,C,C,C,C,C,C,C,C,C,C,C,C,C,C,C,C,F,C,C,C,C,C,C,N,N,N,N,N,N,N,N,N,C,C,C,C,C,C,C,C,C,C,C
i235c,Did (s)he have a rash on the extremities?,Where was the rash?,,C,C,C,C,C,C,C,C,B,C,C,C,C,C,C,C,C,C,C,C,C,C,C,C,C,C,C,C,C,C,C,C,C,C,C,C,C,C,C,C,C,C,C,C,C,C,C,N,N,N,N,N,N,N,N,N,C,C,C,C,C,C,C,C,C,C,C
i235d,Did (s)he have a rash everywhere?,Where was the rash?,,C,C,C,C,C,B,C,C,I,C,C,C,C,C,C,C,C,C,C,C,C,C,C,C,D,C,C,C,C,C,C,C,C,C,C,C,C,C,C,C,F,C,C,C,C,C,C,N,N,N,N,N,N,N,N,N,C,C,C,C,C,C,C,C,C,C,C
i236o,Did (s)he have measles rash?,Did (s)he have measles rash?,,C-,C-,C-,H,H,H,H,H,I,F,H,H,H,H,H,H,H,H,H,H,H,H,H,H,H,H,H,H,H,H,H,H,H,H,H,H,H,H,H,H,H,H,H,H,H,H,H,N,N,N,N,N,N,N,N,N,H,H,H,H,H,H,H,H,H,H,H
i237o,Did (s)he ever have shingles or herpes zoster?,Did (s)he ever have shingles or herpes zoster?,,C-,C-,C-,C,C,C,C,C,C,C,C,C,C,C,C,C,C,C,C,C,C,C,C,C,C,C,C,C,C,C,C,C,C,C,C,C,C,C,C,C,C,C,C,C,C,C,C,N,N,N,N,N,N,N,N,N,C,C,C,C,C,C,C,C,C,C,C
i238o,Did her/his skin flake off in patches?,Did her/his skin flake off in patches?,,C,C,C,F,G,C,G,G,G,G,G,G,G,G,G,G,G,G,G,G,G,G,G,G,G,G,G,G,G,D,G,G,G,G,G,G,G,G,G,G,G,G,G,G,G,G,G,N,N,N,N,N,N,N,N,N,G,H,G,G,G,F,G,H,G,G,G
i239o,Did he/she have areas of the skin that turned black?,Did he/she have areas of the skin that turned black?,,A+,E,E,G,H,F,H,H,H,H,H,H,H,H,G,H,F,H,H,H,H,H,H,D,H,D,G,H,H,G,H,H,H,H,H,H,H,G,H,H,H,H,H,H,H,H,H,G,H,H,F,H,G,F,N,N,G,G,G,H,C,C,C,H,H,H,H
i240o,Did he/she have areas of the skin with redness and swelling?,Did he/she have areas of the skin with redness and swelling?,,A+,E,E,F,H,H,H,H,H,H,H,H,H,C,F,H,F,G,H,H,H,H,H,G,H,G,H,H,H,G,H,H,H,H,G,H,H,G,H,H,H,H,H,H,H,H,G,G,H,H,G,H,G,H,N,N,H,G,H,G,A,C,G,H,C,C,G
i242o,"Did (s)he bleed from the nose, mouth or anus?","Did (s)he bleed from the nose, mouth or anus?",,D,D,D,F,H,F,H,H,H,H,H,H,H,A,A,H,F,G,D,H,H,H,H,F,F,F,H,H,H,G,H,H,H,H,F,H,H,G,H,H,H,H,G,H,H,H,F,N,N,N,N,N,N,N,N,N,C,B,H,H,H,G,D,H,G,C,F
i243o,Did (s)he have noticeable weight loss?,Did (s)he have noticeable weight loss?,,A-,B,B,F,F,B,C,F,F,F,F,A,F,F,F,F,F,B,A,B,B,B,B,B,C,B,C,F,F,F,F,C,F,F,B,B,F,F,F,F,F,F,F,F,F,F,F,N,N,N,N,N,N,N,N,N,F,F,F,F,F,F,F,F,F,F,F
i244o,Was (s)he severely thin or wasted?,Was (s)he severely thin or wasted?,,A+,B-,B-,G,G,A,F,G,G,G,G,B,G,G,G,G,G,C,B,B,C,D,B,B,G,I,D,G,G,G,G,C,G,G,B,F,G,G,G,G,G,G,G,G,F,G,G,N,N,N,N,N,N,N,N,N,G,G,G,G,G,G,G,G,G,G,G
i245o,Did s/he have a whitish rash inside the mouth or on the tongue?,Did s/he have a whitish rash inside the mouth or on the tongue?,,C+,C+,C+,G,G,C,D,G,B,G,G,G,G,G,G,G,G,G,G,G,G,G,G,D,G,F,G,G,G,G,G,G,G,G,G,G,G,G,G,G,G,G,G,G,G,G,G,N,N,N,N,N,N,N,N,N,G,G,G,G,G,G,G,G,G,G,G
i246o,Did (s)he have stiffness of the whole body or was unable to open the mouth?,Did (s)he have stiffness of the whole body or was unable to open the mouth?,,C-,C-,C-,G,G,H,H,H,H,H,A,H,H,G,H,H,F,G,H,H,H,H,H,H,H,H,H,H,H,H,H,H,H,H,H,H,H,H,H,H,H,H,H,H,H,H,G,N,N,N,N,N,N,N,N,N,H,H,H,H,H,H,H,H,H,H,H
i247o,Did (s)he have puffiness of the face?,Did (s)he have puffiness of the face?,,C,B,B,D,G,G,G,G,F,G,G,G,G,G,G,G,G,G,G,F,G,G,G,F,G,D,G,G,G,G,D,G,G,G,D,A,G,G,G,G,C,G,G,G,D,G,G,N,N,N,N,N,N,N,N,N,G,F,G,G,G,C,F,G,C,G,G
i248a,Did (s)he have puffiness of the face for at least one week?,How long did (s)he have puffiness of the face?,,C,B,B,F,G,G,G,G,G,G,G,G,G,G,G,G,G,G,G,G,G,G,C,F,C,C,G,G,G,F,C,G,G,G,D,B,G,F,G,G,C,G,G,G,B,G,G,N,N,N,N,N,N,N,N,N,G,G,F,G,G,F,G,G,G,C,G
i249o,Did (s)he have swollen legs or feet?,Did (s)he have swollen legs or feet?,,C,B,A-,F,G,G,G,G,G,G,G,G,G,G,G,G,F,G,G,G,G,D,G,G,G,C,G,B,G,F,B,G,G,F,B,B,G,C,G,G,B,G,G,C,C,G,C,N,N,N,N,N,N,N,N,N,G,D,G,G,G,F,D,F,G,G,G
i250a,Did the swelling last for at least 1 week?,How long did the swelling last?,,C,B,A-,C,B,B,B,D,B,B,B,B,B,B,B,B,C,B,C,B,B,B,C,B,B,B,C,B,B,C,B,C,B,G,B,B,B,B,B,B,B,B,B,B,B,C,B,N,N,N,N,N,N,N,N,N,B,B,B,G,B,B,G,F,B,C,F
i251o,Did (s)he have both feet swollen?,Did (s)he have both feet swollen?,,B-,B,B+,B,B,B,B,A,B,B,B,B,B,B,B,B,B,B,F,B,B,B,B,B,B,B,D,B,B,B,A,B,B,B,B,B,B,B,B,B,B,B,B,B,B,B,B,N,N,N,N,N,N,N,N,N,G,F,B,B,F,D,B,B,B,G,B
i252o,Did (s)he have general swelling of the body?,Did (s)he have general swelling of the body?,,C,C,C,G,G,F,G,G,G,G,G,G,G,G,G,G,G,G,F,G,G,G,G,G,G,D,F,C,G,G,G,G,G,G,D,C,G,G,G,G,C,G,G,F,F,G,D,N,N,N,N,N,N,N,N,N,G,H,G,G,H,B,D,G,G,G,G
i254o,Did (s)he have any lumps or sores in the mouth?,Did (s)he have any lumps or sores in the mouth?,,C+,C,C,G,G,B,G,G,G,G,G,G,G,G,G,G,G,A,C,G,G,G,G,G,G,G,G,G,G,G,G,G,G,G,G,G,G,F,G,G,G,G,G,G,G,G,G,N,N,N,N,N,N,N,N,N,G,G,G,G,G,G,G,G,G,G,G
i253o,Did (s)he have lumps anywhere else on the body?,Did (s)he have lumps anywhere else on the body?,,C+,C,C,C,D,B,F,F,G,F,F,C,F,F,G,F,F,C,B,F,B,B,C,C,F,F,F,F,F,F,F,F,F,F,F,F,F,F,F,F,F,F,F,C,F,F,F,N,N,N,N,N,N,N,N,N,F,F,F,F,F,F,F,F,F,F,F
i255o,Did (s)he have any lumps in the neck?,Did (s)he have any lumps on the neck?,,C+,D,D,C,C,C,C,C,C,F,C,C,C,C,F,C,C,C,B,C,B,C,C,C,C,C,C,C,C,C,C,C,C,C,C,C,C,C,C,C,C,C,C,C,C,C,D,N,N,N,N,N,N,N,N,N,C,C,C,C,C,D,C,C,C,C,C
i256o,Did (s)he have any lumps in the armpit?,Did (s)he have any lumps on the armpit?,,C,C,C,C,C,B,C,C,G,G,C,B,D,C,C,C,C,C,C,C,A,C,C,B,C,C,C,C,C,C,C,C,C,C,C,C,C,C,C,C,C,C,C,C,C,C,C,N,N,N,N,N,N,N,N,N,C,C,C,C,C,F,C,C,C,C,C
i257o,Did (s)he have any lumps in the groin?,Did (s)he have any lumps on the groin?,,B,B,B,C,C,C,C,C,C,C,C,C,D,C,D,F,C,C,C,C,C,C,C,C,C,C,C,C,C,C,C,C,C,C,C,C,C,C,C,C,C,C,C,C,C,C,C,N,N,N,N,N,N,N,N,N,C,C,C,C,C,D,C,C,C,C,C
i258o,Was (s)he in any way paralysed?,Was (s)he in any way paralysed?,,C,C,C,G,G,D,G,G,G,F,G,G,G,G,G,G,G,G,G,G,G,G,G,G,G,G,G,G,B,G,G,G,G,G,G,G,G,G,G,G,G,G,G,G,G,G,G,N,N,N,N,N,N,N,N,N,G,G,G,F,G,C,G,G,G,C,G
i259o,Did (s)he have paralysis of only one side of the body?,Did (s)he have paralysis of only one side of the body?,,C+,C-,C-,B,B,C,B,B,B,B,B,B,B,B,B,B,B,B,B,B,B,B,B,B,B,B,B,B,B,B,B,B,B,B,B,B,G,B,B,B,B,B,B,B,B,B,B,N,N,N,N,N,N,N,N,N,C,B,B,H,F,B,B,F,C,C,B
i260a,Did she have paralysis of both legs?,Did she have paralysis of both legs?,,C,C,C,C,C,C,C,C,C,C,C,C,C,C,C,C,C,C,C,C,C,C,C,F,C,C,C,C,C,D,C,C,C,C,C,C,F,C,C,C,F,C,C,C,C,C,C,N,N,N,N,N,N,N,N,N,C,C,C,F,C,C,C,C,C,C,G
i261o,Was there difficulty or pain in swallowing?,Was there difficulty or pain in swallowing?,,C,C,C,G,F,G,G,G,G,G,A,G,G,G,G,G,F,A,D,G,G,G,G,C,G,G,G,G,B,G,G,G,G,G,G,G,G,G,G,G,G,G,G,G,G,G,G,N,N,N,N,N,N,N,N,N,G,G,G,G,G,D,G,G,G,G,G
i262a,Did (s)he have difficulty or pain swallowing for at least one week?,For how long did (s)he have difficulty or pain swallowing?,,C,C,C,D,D,F,D,D,D,D,D,D,F,D,D,D,D,B,D,D,D,D,D,D,G,F,D,D,F,F,D,D,D,D,D,D,G,F,D,D,D,D,D,D,D,D,D,N,N,N,N,N,D,N,N,N,F,F,H,H,F,D,D,D,F,F,D
i262c,Did swallowing become impossible?,Did swallowing become impossible?,,C,C,C,G,H,F,G,G,G,G,C,G,D,G,G,G,G,D,B,F,G,G,G,C,G,G,G,G,C,G,G,G,G,G,G,G,F,G,G,G,G,G,G,G,G,G,G,N,N,N,N,N,N,N,N,N,D,D,F,G,D,D,C,F,G,F,G
i265o,Did (s)he have yellow discoloration of the eyes?,Did (s)he have yellow discoloration of the eyes?,,C,C,C,D,G,F,G,C,G,G,G,G,G,G,C,G,C,G,D,G,G,G,G,H,C,F,G,G,G,C,G,G,G,G,A,G,G,G,G,G,F,G,G,C,G,G,G,C,G,G,C,G,G,C,F,H,G,G,G,G,G,G,C,G,G,G,G
i266a,Did (s)he have the yellow discolouration for less than 2 weeks?,For how long did (s)he have the yellow discolouration?,i266,C,C,C,C,C,F,D,B,C,C,C,C,C,B,D,C,C,C,C,C,C,C,C,C,C,C,C,C,C,C,C,C,C,C,C,C,C,C,G,B,C,D,F,C,C,C,C,C,C,C,C,F,C,C,N,N,C,C,C,C,C,C,C,C,C,C,C
i266b,Did (s)he have the yellow discolouration for at least 2 weeks but less than 6 months?,For how long did (s)he have the yellow discolouration?,i266,C,C,C,D,D,D,D,C,D,D,D,D,D,C,D,D,D,D,F,D,D,D,D,D,C,F,D,D,D,C,D,D,D,D,C,D,D,D,G,C,G,F,D,D,D,F,D,F,H,D,D,D,D,D,N,N,D,D,D,D,D,C,D,D,D,D,D
i266c,Did (s)he have the yellow discolouration for at least 6 months?,For how long did (s)he have the yellow discolouration?,i266,C,C,C,D,B,B,F,F,B,B,B,B,B,F,F,B,G,B,C,B,B,B,B,C,D,C,B,B,B,B,B,B,B,H,B,B,B,B,G,C,G,H,G,G,D,G,C,C,H,B,F,H,B,B,N,N,B,B,B,B,B,F,B,B,B,B,B
i267o,Did her/his hair change in color to a reddish or yellowish color?,Did her/his hair change in color to a reddish or yellowish color?,,C,C,C,H,H,G,H,H,H,H,H,H,H,H,H,H,H,H,H,H,H,H,H,G,G,C,H,H,H,H,H,H,H,G,H,H,H,H,H,H,H,H,H,H,G,H,H,N,H,N,N,N,H,N,N,N,H,H,H,H,H,H,H,H,H,H,H
i268o,"Did (s)he look pale or have pale palms, eyes or nail beds?","Did (s)he look pale or have pale palms, eyes or nail beds?",,B,B+,B+,F,F,F,D,C,F,F,F,F,F,C,C,F,C,F,C,C,D,D,F,C,A,B,G,C,F,B,C,D,F,F,C,F,F,D,D,C,F,A,F,F,A,A,B,D,F,F,F,F,G,F,N,N,F,F,G,G,F,D,F,F,F,F,F
i269o,Did (s)he have sunken eyes?,Did (s)he have sunken eyes?,,N,N,N,G,G,C,C,D,D,G,G,G,D,D,G,G,G,F,G,G,G,H,H,G,D,B,G,G,G,G,G,G,G,F,G,G,G,G,G,F,G,G,G,F,G,G,G,N,N,N,N,N,N,N,N,N,G,G,G,G,G,F,F,G,G,G,G
i271o,Was the baby able to suckle or bottle-feed within the first 24 hours after birth?,Was the baby able to suckle or bottle-feed within the first 24 hours after birth?,,I,N,N,A,A,A,A,A,A,A,A,A,A,A,A,A,A,A,A,A,A,A,A,A,A,A,A,A,A,A,A,A,A,A,A,A,A,A,N,N,N,N,N,N,N,N,N,A,B,A,A,A,A,A,N,N,A,A,A,A,A,A,A,A,A,A,A
i272o,Did the baby ever suckle in a normal way?,Did the baby ever suckle in a normal way?,,I,N,N,B,A,A,A,A,A,A,A,A,A,A,A,A,A,A,A,A,A,A,A,A,A,A,A,A,A,A,A,A,A,A,A,A,A,A,N,N,N,N,N,N,N,N,N,A,A,A,A,A,A,A,N,N,A,A,A,A,A,A,A,A,A,A,A
i273o,Did the baby stop suckling?,Did the baby stop suckling?,,I,N,N,A,C,G,F,C,G,B,C,G,A,B,G,G,F,G,G,C,H,G,G,G,G,C,G,G,G,F,B,G,G,G,G,G,D,C,N,N,N,N,N,N,N,N,N,C,B,B,B,A,G,C,N,N,G,H,G,F,G,G,F,H,G,G,H
i274a,Did the baby stop suckling on the 2nd day after birth or later?,How long after birth did the baby stop suckling? (children) & How many days after birth did the baby stop suckling? (neonates),,I,N,N,B,B,B,B,B,B,B,B,B,B,B,C,F,C,B,B,B,B,B,B,B,B,B,B,B,B,B,B,B,B,B,B,B,B,B,N,N,N,N,N,N,N,N,N,B,C,B,B,B,B,B,N,N,B,B,B,B,B,B,B,B,B,B,B
i277o,"Did the baby's body become stiff, with the back arched backwards?","Did the baby's body become stiff, with the back arched backwards?",,I,N,N,H,H,H,H,H,H,C,A,H,H,H,H,H,H,H,H,H,H,H,H,H,H,H,H,H,H,H,H,H,H,H,H,H,F,H,N,N,N,N,N,N,N,N,N,H,H,H,H,A,G,H,N,N,H,H,H,H,G,G,H,H,H,H,H
i278o,Did the baby have a bulging or raised fontanelle?,Did the baby have a bulging or raised fontanelle?,,I,N,N,G,G,G,G,G,G,A,G,G,G,G,G,G,F,G,G,G,G,G,G,G,G,G,G,G,F,G,G,G,G,G,G,G,G,G,N,N,N,N,N,N,N,N,N,G,G,G,G,G,G,G,G,G,F,G,F,G,G,G,G,H,G,G,G
i279o,Did the baby have a sunken fontanelle?,Did the baby have a sunken fontanelle?,,I,N,N,F,G,G,B,G,C,G,G,G,G,C,H,G,F,G,G,G,G,G,G,G,G,B,G,G,G,G,G,G,G,F,G,G,G,G,N,N,N,N,N,N,N,N,N,G,G,G,G,C,G,G,G,G,G,H,H,G,G,G,G,H,H,G,G
i281o,Did the baby become unresponsive or unconscious?,Did the baby become unresponsive or unconscious?,,I,N,N,N,N,N,N,N,N,N,N,N,N,N,N,N,N,N,N,N,N,N,N,N,N,N,N,N,N,N,N,N,N,N,N,N,N,N,N,N,N,N,N,N,N,N,N,C,A,C,F,D,G,B,N,N,N,N,N,N,N,N,N,N,N,N,N
i282o,Did the baby become unresponsive or unconscious within 24 hours after birth?,Did the baby become unresponsive or unconscious within 24 hours after birth?,,I,N,N,N,N,N,N,N,N,N,N,N,N,N,N,N,N,N,N,N,N,N,N,N,N,N,N,N,N,N,N,N,N,N,N,N,N,N,N,N,N,N,N,N,N,N,N,C,A,G,C,C,C,C,N,N,N,N,N,N,N,N,N,N,N,N,N
i284o,Did the baby become cold to touch?,Did the baby become cold to touch?,,I,N,N,N,N,N,N,N,N,N,N,N,N,N,N,N,N,N,N,N,N,N,N,N,N,N,N,N,N,N,N,N,N,N,N,N,N,N,N,N,N,N,N,N,N,N,N,B,B,C,C,G,D,F,N,N,N,N,N,N,N,N,N,N,N,N,N
i286o,Did the baby become lethargic after a period of normal activity?,Did the baby become lethargic after a period of normal activity?,,I,N,N,N,N,N,N,N,N,N,N,N,N,N,N,N,N,N,N,N,N,N,N,N,N,N,N,N,N,N,N,N,N,N,N,N,N,N,N,N,N,N,N,N,N,N,N,G,G,C,D,D,C,C,N,N,N,N,N,N,N,N,N,N,N,N,N
i287o,Did the baby have redness or pus oozing from the umbilical cord?,Did the baby have redness or pus oozing from the umbilical cord?,,I,N,N,N,N,N,N,N,N,N,N,N,N,N,N,N,N,N,N,N,N,N,N,N,N,N,N,N,N,N,N,N,N,N,N,N,N,N,N,N,N,N,N,N,N,N,N,G,F,F,F,C,F,G,N,N,N,N,N,N,N,N,N,N,N,N,N
i288o,Did the baby have skin ulcer(s) or sore(s)?,Did the baby have skin ulcer(s) or sore(s)?,,I,N,N,N,N,N,N,N,N,N,N,N,N,N,N,N,N,N,N,N,N,N,N,N,N,N,N,N,N,N,N,N,N,N,N,N,N,N,N,N,N,N,N,N,N,N,N,G,G,G,G,G,G,G,N,N,N,N,N,N,N,N,N,N,N,N,N
i289o,"Did the baby have yellow skin, palms or soles?","Did the baby have yellow skin, palms or soles?",,I,N,N,N,N,N,N,N,N,N,N,N,N,N,N,N,N,N,N,N,N,N,N,N,N,N,N,N,N,N,N,N,N,N,N,N,N,N,N,N,N,N,N,N,N,N,N,F,G,F,D,F,F,F,N,N,N,N,N,N,N,N,N,N,N,N,N
i485o,Did s(h)e suffer from extreme fatigue?,Did s(h)e suffer from extreme fatigue?,,D,D,C,G,C,C,F,B,F,F,G,B,F,C,B,C,C,D,B,C,F,G,G,C,A,C,C,F,D,G,B,F,G,G,C,C,G,C,G,D,G,D,G,D,C,F,G,N,N,N,N,N,N,N,N,N,G,G,G,G,G,G,F,G,G,G,G
i486o,"Did (s)he experience a new loss, change or decreased sense of smell or taste?","Did (s)he experience a new loss, change or decreased sense of smell or taste?",,D,D,D,G,F,G,G,G,G,G,G,G,G,G,G,A,G,G,G,G,G,G,G,G,G,G,G,G,G,G,G,G,G,G,G,G,G,G,G,G,G,G,G,G,G,G,G,N,N,N,N,N,N,N,N,N,G,G,G,G,G,G,G,G,G,G,G
i294o,Did she have any lump(s) and/or ulcer(s) in the breast?,Did she have any lump(s) and/or ulcer(s) in the breast?,,C-,B+,B,F,G,G,G,G,G,G,G,G,G,G,G,G,D,G,G,G,A,G,N,G,G,G,G,G,G,G,G,G,G,G,G,G,G,G,G,G,G,G,G,G,G,G,G,N,N,N,N,N,N,N,N,N,G,G,G,G,F,G,G,G,G,G,G
i296o,Did she ever have a period or menstruate?,Did she ever have a period or menstruate?,,B,B,B,A,A,A,A,A,A,A,A,A,A,A,A,A,A,A,A,A,A,A,N,A,A,A,A,A,A,A,A,A,A,A,A,A,A,A,I,I,I,I,I,I,I,I,I,N,N,N,N,N,N,N,N,N,A,A,A,A,A,A,A,A,A,A,A
i299o,Did her menstrual period stop naturally because of menopause?,Did her menstrual period stop naturally because of menopause?,,B,N,N,A,A,A,A,A,A,A,A,A,A,A,A,A,A,A,A,A,A,A,N,B,A,A,A,A,A,A,A,A,A,A,A,A,A,A,N,N,N,N,N,N,N,N,N,N,N,N,N,N,N,N,N,N,A,A,A,A,A,A,A,A,A,A,A
i300o,Did she have vaginal bleeding after cessation of menstruation?,Did she have vaginal bleeding after cessation of menstruation?,,B,N,N,H,H,H,H,H,H,H,H,H,H,H,H,H,H,H,H,H,H,C,N,G,H,H,H,H,H,H,H,H,H,G,H,H,H,H,N,N,N,N,N,N,N,N,N,N,N,N,N,N,N,N,N,N,H,H,H,H,H,H,H,H,H,H,H
i301o,Was there excessive vaginal bleeding in the week prior to death?,Was there excessive vaginal bleeding in the week prior to death?,,C,A-,A-,G,G,G,G,G,G,G,G,G,G,G,G,G,G,G,G,G,G,C,N,G,C,G,G,G,G,G,G,G,G,G,G,G,G,G,G,B,D,A,G,F,C,C,G,N,N,N,N,N,N,N,N,N,G,G,G,G,G,G,G,G,G,G,G
i302o,At the time of death was her period overdue?,At the time of death was her period overdue?,,C,B,B+,C,C,C,C,C,C,C,C,C,C,C,C,C,C,C,C,C,C,C,N,C,C,C,C,C,C,C,C,C,C,C,C,C,C,C,I,I,I,I,I,I,I,I,I,N,N,N,N,N,N,N,N,N,C,C,C,C,C,C,C,C,C,C,C
i303a,Had her period been overdue for at least 4 weeks?,For how many weeks had her period been overdue?,,C,B,A,F,F,F,F,F,F,F,F,F,F,F,F,F,F,F,F,F,F,F,N,F,F,F,F,F,F,F,F,F,F,F,F,F,F,F,A,C,I,F,H,F,G,D,C,N,N,N,N,N,N,N,N,N,F,F,F,F,F,F,F,F,F,F,F
i305o,Was she pregnant  and not yet in labour at the time of death?,Was she pregnant  and not yet in labour at the time of death?,i305,E,E,I,F,F,F,F,F,F,F,F,F,F,F,F,F,F,F,F,F,F,F,N,F,F,F,F,F,F,F,F,F,F,D,F,F,F,F,I,A,B,C,N,D,F,F,D,N,N,N,N,N,N,N,N,N,F,F,F,F,F,F,F,F,F,F,F
i312o,Did she die during labour or delivery?,Did she die during labour or delivery?,i305,D-,D+,I,N,N,N,N,N,N,N,N,N,N,N,N,N,N,N,N,N,N,N,N,N,N,N,N,N,N,N,N,N,N,N,N,N,N,N,N,H,C,B,A,H,C,A,C,N,N,N,N,N,N,N,N,N,N,N,N,N,N,N,N,N,N,N,N
i313o,Did she die after delivering a baby?,Did she die after delivering a baby?,i305,N,I,N,E,E,E,E,E,E,E,E,E,E,E,E,E,H,E,E,E,E,E,N,E,C,E,E,E,E,D,F,E,E,F,E,E,E,F,N,F,C,C,C,C,C,A,B,N,N,N,N,N,N,N,N,N,E,E,E,E,E,E,E,E,E,E,E
i314o,Did she die within 24 hours after delivery?,Did she die within 24 hours after delivery?,,D-,I,D,H,H,H,H,H,H,H,H,H,H,H,H,H,G,H,H,H,H,H,N,H,N,H,H,H,H,F,G,H,H,F,H,H,H,D,N,H,C,C,B,H,B,A,B,N,N,N,N,N,N,N,N,N,H,H,H,H,H,H,H,H,H,H,H
i306o,Did she die within 6 weeks after delivery?,Did she die within 6 weeks after delivery?,,E,I,E,G,G,G,G,G,G,G,G,G,G,G,G,G,G,G,G,G,G,G,N,G,C,G,G,G,G,G,G,G,G,F,G,G,G,F,N,G,C,C,G,B,G,B,B,N,N,N,N,N,N,N,N,N,G,G,G,G,G,G,G,G,G,G,G
i334o,Did she have a pregnancy that ended in an abortion or miscarriage within 6 weeks before her death?,Did she have a pregnancy that ended in an abortion or miscarriage within 6 weeks before her death?,,N,B+,N,N,H,H,H,H,H,H,H,H,H,H,H,H,F,H,H,H,H,H,N,H,F,H,H,H,H,H,H,H,H,F,H,H,H,G,H,I,H,C,H,G,G,G,G,N,N,N,N,N,N,N,N,N,H,H,H,H,H,H,H,H,H,H,H
i333o,Did she attempt to terminate the pregnancy?,Did she attempt to terminate the pregnancy?,,N,B+,B+,N,F,F,F,F,F,F,F,F,F,F,F,F,F,F,F,F,F,F,N,F,D,F,F,F,F,F,F,F,F,F,F,F,F,G,F,B,F,C,F,F,F,C,G,N,N,N,N,N,N,N,N,N,F,F,F,F,F,F,F,F,G,F,F
i308o,"Did she die less than 1 year after delivery, abortion or miscarriage?","Did she die less than 1 year after delivery, abortion or miscarriage?",,E,A+,E,G,G,G,G,G,G,G,G,G,G,G,G,G,F,G,G,G,G,G,N,G,G,G,G,G,G,G,G,G,G,G,G,G,G,G,G,A,F,G,H,G,F,G,G,N,N,N,N,N,N,N,N,N,G,G,G,G,G,G,G,G,G,G,G
i310o,"[ Please confirm that in the 12 months prior to her death, the woman was not pregnant, she did not have a delivery and she also did not have an abortion or miscarriage.]","[ Please confirm that in the 12 months prior to her death, the woman was not pregnant, she did not have a delivery and she also did not have an abortion or miscarriage.]",,I,N,N,A,A,A,A,A,A,A,A,A,A,A,A,A,A,A,A,A,A,A,N,A,I,A,A,A,A,A,A,A,A,A,A,A,A,A,A,N,N,N,N,N,N,N,N,N,N,N,N,N,N,N,N,N,A,A,A,A,A,A,A,A,A,A,A
i304o,Did she have a sharp abdominal pain in the first 3 months of pregnancy?,Did she have a sharp abdominal pain in the first 3 months of pregnancy?,,D,A,A,F,F,F,F,F,F,F,F,F,F,F,F,F,F,F,F,F,F,F,N,F,F,F,F,F,F,F,F,F,F,F,F,F,F,F,A,C,F,F,F,F,F,F,C,N,N,N,N,N,N,N,N,N,F,F,F,F,F,F,F,F,F,F,F
i304a,Did she faint when she had the sharp abdominal pain?,Did she faint when she had the sharp abdominal pain?,,D,A,A,G,G,G,G,G,G,G,G,G,G,G,G,G,G,G,G,G,G,G,N,G,C,G,G,G,G,G,G,G,G,G,G,G,G,G,B,G,G,G,G,G,C,H,G,N,N,N,N,N,N,N,N,N,G,G,G,G,G,G,G,G,G,G,G
i309a,"Was she, or had she been, pregnant for less than 3 months?",For how many months was she pregnant?,i309,I,N,N,C,C,C,C,C,C,C,C,C,C,C,C,C,C,C,C,C,C,C,N,C,C,C,C,C,C,C,C,C,C,C,C,C,C,C,C,B,G,C,H,D,C,G,C,N,N,N,N,N,N,N,N,N,C,C,C,C,C,C,C,C,C,C,C
i309b,"Was she, or had she been, pregnant for at least 3 months, but less than 6 months?",For how many months was she pregnant?,i309,B,B,B,C,C,C,C,C,C,C,C,C,C,C,C,C,C,C,C,C,C,C,N,C,C,C,C,C,C,C,C,C,C,C,C,C,C,C,C,B,D,C,H,C,C,D,C,N,N,N,N,N,N,N,N,N,C,C,C,C,C,C,C,C,C,C,C
i309c,"Was she, or had she been, pregnant for at least 6 months?",For how many months was she pregnant?,i309,B,B,B,C,C,C,C,C,C,C,C,C,C,C,C,C,C,C,C,C,C,C,N,C,C,C,C,C,C,C,C,C,C,C,C,C,C,C,H,C,A,B,C,C,C,A,C,N,N,N,N,N,N,N,N,N,C,C,C,C,C,C,C,C,C,C,C
i317a,Did she die during a pregnancy with three triplets or more?,How many babies was she pregnant with?,i317,N,I,I,G,G,G,G,G,G,G,G,G,G,G,G,G,G,G,G,G,G,G,N,G,G,G,G,G,G,G,G,G,G,H,G,G,G,G,H,G,F,G,G,F,G,F,G,N,N,N,N,N,N,N,N,N,G,G,G,G,G,G,G,G,G,G,G
i317b,Did she die during a pregnancy with twins?,How many babies was she pregnant with?,i317,N,I,I,D,D,D,D,D,D,D,D,D,D,D,D,D,D,D,D,D,D,D,N,D,D,D,D,D,D,D,D,D,D,D,D,D,D,D,D,D,D,F,C,G,D,F,D,N,N,N,N,N,N,N,N,N,D,D,D,D,D,D,D,D,D,D,D
i317c,Did she die during a pregnancy with a singleton?,How many babies was she pregnant with?,i317,N,I,I,A,A,A,A,A,A,A,A,A,A,A,A,A,A,A,A,A,A,A,N,A,A,A,A,A,A,A,A,A,A,A,A,A,A,A,A,A,A,C,A,A,A,A,A,N,N,N,N,N,N,N,N,N,A,A,A,A,A,A,A,A,A,A,A
i321o,"During pregnancy, did she suffer from high blood pressure?","During pregnancy, did she suffer from high blood pressure?",,D,B+,B+,F,F,F,F,F,F,F,F,F,F,F,F,F,F,F,F,F,F,F,N,F,F,F,F,D,D,F,F,F,F,F,F,C,F,F,F,F,I,C,F,C,F,D,D,N,N,N,N,N,N,N,N,N,F,F,F,F,F,F,F,F,F,F,F
i322a,Did she have foul smelling vaginal discharge during pregnancy?,Did she have foul smelling vaginal discharge during pregnancy?,,C+,B,C+,G,G,G,G,G,G,G,G,G,G,G,G,G,G,G,G,G,G,G,N,G,G,G,G,G,G,G,G,G,G,G,G,G,G,G,F,G,G,G,G,B,H,F,G,N,N,N,N,N,N,N,N,N,G,G,G,G,G,G,G,G,G,G,G
i325o,Did bleeding occur while she was pregnant?,Did bleeding occur while she was pregnant?,,N,A,A,F,F,F,F,F,F,F,F,F,F,F,F,F,F,F,F,F,F,F,N,F,F,F,F,G,F,F,F,F,F,F,F,F,F,F,B,A,C,C,D,D,C,D,D,N,N,N,N,N,N,N,N,N,F,F,F,F,F,F,F,F,F,F,F
i327o,Was there vaginal bleeding during the last 3 months of pregnancy but before labour started?,Was there vaginal bleeding during the last 3 months of pregnancy but before labour started?,,N,B,B,H,H,H,H,H,H,H,H,H,H,H,H,H,H,H,H,H,H,H,N,H,H,H,H,G,H,H,H,H,H,H,H,H,H,G,H,A,F,D,D,F,C,C,C,N,N,N,N,N,N,N,N,N,H,H,H,H,H,H,H,H,H,H,H
i323o,Did she suffer from convulsions during the last 3 months of pregnancy and/or after delivery?,Did she suffer from convulsions during the last 3 months of pregnancy and/or after delivery?,,D,B+,B+,H,H,H,H,H,H,G,H,H,H,H,H,H,H,H,H,H,H,H,N,H,H,H,H,H,H,H,H,H,H,H,H,H,H,H,H,G,C,F,F,G,H,H,G,N,N,N,N,N,N,N,N,N,H,H,H,H,H,H,H,H,H,H,H
i324o,Did she have blurred vision during the last 3 months of pregnancy and/or after delivery?,Did she have blurred vision during the last 3 months of pregnancy and/or after delivery?,,B,B,B+,G,G,G,G,G,G,G,G,G,G,G,G,G,G,G,G,G,G,G,N,G,G,G,G,G,F,G,G,G,G,G,G,F,G,G,G,G,C,G,G,F,G,G,G,N,N,N,N,N,N,N,N,N,G,G,G,G,G,G,G,G,G,G,G
i328o,Did she have excessive bleeding during labour or delivery?,Did she have excessive bleeding during labour or delivery?,,N,B,A,G,G,G,G,G,G,G,G,G,G,G,G,G,G,G,G,G,G,G,N,G,C,G,G,G,G,G,G,G,G,G,G,G,G,G,D,B,G,B,C,C,B,I,D,N,N,N,N,N,N,N,N,N,G,G,G,G,G,G,G,G,G,G,G
i329a,Did she have excessive bleeding after delivery?,Did she have excessive bleeding after delivery?,,N,A,A,G,G,G,G,G,G,G,G,G,G,G,G,G,G,G,G,G,G,G,N,G,C,G,G,G,G,G,G,G,G,G,G,G,G,G,F,D,G,B,C,G,C,D,G,N,N,N,N,N,N,N,N,N,G,G,G,G,G,G,G,G,G,G,G
i329b,Did she have excessive bleeding during or after abortion or miscarriage?,Did she have excessive bleeding during or after abortion or miscarriage?,,N,A,N,G,G,G,G,G,G,G,G,G,G,G,G,G,G,G,G,G,G,G,N,G,B,G,G,G,G,G,G,G,G,G,G,F,G,G,F,B,G,F,G,G,G,G,B,N,N,N,N,N,N,N,N,N,G,G,G,G,G,G,G,G,H,G,G
i322b,Did she have foul smelling vaginal discharge after delivery/abortion?,Did she have foul smelling vaginal discharge after delivery/abortion?,,B,B,B,F,F,F,F,F,F,F,F,F,F,F,F,F,F,F,F,F,F,F,N,F,F,F,F,F,F,F,F,F,F,F,F,F,F,F,F,D,G,F,F,B,F,F,C,N,N,N,N,N,N,N,N,N,F,F,F,F,F,F,F,F,F,F,F
i331o,Did she deliver or try to deliver an abnormally positioned baby?,Did she deliver or try to deliver an abnormally positioned baby?,,N,A-,B,F,F,F,F,F,F,F,F,F,F,F,F,F,F,F,F,F,F,F,N,F,F,F,F,F,F,F,F,F,F,F,F,F,F,F,H,G,F,D,C,F,F,B,D,N,N,N,N,N,N,N,N,N,F,F,F,F,F,F,F,F,F,F,F
i332a,Did her labour last longer than 24 hours?,For how many hours was she in labour?,,N,A-,A-,F,F,F,F,F,F,F,F,F,F,F,F,F,F,F,F,F,F,F,H,F,F,F,F,D,F,F,F,F,F,F,F,F,F,F,H,F,F,C,A,C,F,B,C,N,N,N,N,N,N,N,N,N,F,F,F,F,F,F,F,F,F,F,F
i342o,"Was the delivery normal vaginal, without forceps or vacuum?","Was the delivery normal vaginal, without forceps or vacuum?",,N,I,N,B,B,B,B,B,B,B,B,B,B,B,B,B,B,B,B,B,B,B,N,B,B,B,B,B,B,B,B,B,B,B,B,B,B,B,H,B,B,C,F,B,B,C,B,N,N,N,N,N,N,N,N,N,B,B,B,B,B,B,B,B,B,B,B
i343o,"Was the delivery vaginal, with forceps or vacuum?","Was the delivery vaginal, with forceps or vacuum?",,N,B+,N,F,F,F,F,F,F,F,F,F,F,F,F,F,F,F,F,F,F,F,N,F,F,F,F,G,F,F,F,F,F,F,F,F,F,F,H,D,D,C,G,F,F,C,F,N,N,N,N,N,N,N,N,N,F,F,F,F,F,F,F,F,F,F,F
i344o,Was the delivery a Caesarean section?,Was the delivery a Caesarean section?,,N,B,N,C,C,C,C,C,C,C,C,C,C,C,C,C,C,C,C,C,C,C,N,C,C,C,C,C,C,C,C,C,C,C,C,C,C,C,C,C,C,C,C,C,C,C,C,N,N,N,N,N,N,N,N,N,C,C,C,C,C,C,C,C,C,C,C
i330o,Was the placenta completely delivered?,Was the placenta completely delivered?,,N,A-,N,A,A,A,A,A,A,A,A,A,A,A,A,A,A,A,A,A,A,A,N,A,A,A,A,A,A,A,A,A,A,A,A,A,A,A,A,B,A,B,A,A,A,A,A,N,N,N,N,N,N,N,N,N,A,A,A,A,A,A,A,A,A,A,A
i337a,Did the mother deliver at a hospital?,Where did she give birth?,i337,N,A,B,B,B,B,B,B,B,B,B,B,B,B,B,B,B,B,B,B,B,B,N,B,C,B,B,B,B,B,B,B,B,B,B,B,B,B,B,F,B,B,B,B,B,B,B,N,N,N,N,N,N,N,N,N,B,B,B,B,B,B,B,B,B,B,B
i337b,Did the mother deliver at other health facility (other than hospital)?,Where did she give birth?,i337,N,A,B,F,F,F,F,F,F,F,F,F,F,F,F,F,F,F,F,F,F,F,N,F,B,F,F,F,F,F,F,F,F,F,F,F,F,F,F,F,C,B,C,C,C,C,C,N,N,N,N,N,N,N,N,N,F,F,F,F,F,F,F,F,F,F,F
i337c,Did the mother deliver at home?,Where did she give birth?,i337,N,A,B,C,C,C,C,C,C,C,C,C,C,C,C,C,C,C,C,C,C,C,N,C,C,C,C,C,C,C,C,C,C,C,C,C,C,C,H,C,C,C,C,C,C,C,C,N,N,N,N,N,N,N,N,N,C,C,C,C,C,C,C,C,C,C,C
i337d,Did the mother deliver on route to hospital or facility?,Where did she give birth?,i337,B,B,B,F,F,F,F,F,F,F,F,F,F,F,F,F,F,F,F,F,F,F,N,F,D,F,F,F,F,F,F,F,F,F,F,F,F,F,H,F,F,C,C,F,G,D,F,N,N,N,N,N,N,N,N,N,F,F,F,F,F,F,F,F,F,F,F
i337e,Did the mother deliver elsewhere (not at or on route to a health facility nor at home)?,Where did she give birth?,i337,B,B,B,G,G,G,G,G,G,G,G,G,G,G,G,G,G,G,G,G,G,G,N,G,G,G,G,G,G,G,G,G,G,G,G,G,G,G,G,G,F,D,G,G,G,D,G,N,N,N,N,N,N,N,N,N,G,G,G,G,G,G,G,G,G,G,G
i319a,Did she have more than 1 births or stillbirths before this pregnancy,"How many births, including stillbirths, did she/the mother have before this pregnancy?",,C,A-,A-,C,C,C,C,C,C,C,C,C,C,C,C,C,C,C,C,C,C,C,N,C,C,C,C,C,C,C,C,C,C,C,C,C,C,C,C,C,C,C,C,C,C,B,C,N,N,N,N,N,N,N,N,N,C,C,C,C,C,C,C,C,C,C,C
i319b,Did she have more than 4 births or stillbirths before this pregnancy?,"How many births, including stillbirths, did she/the mother have before this pregnancy?",,A-,A-,A-,F,F,F,F,F,F,F,F,F,F,F,F,F,F,F,F,F,F,F,N,F,F,F,F,F,F,F,F,F,F,F,F,F,F,F,F,F,D,G,D,F,F,C,F,N,N,N,N,N,N,N,N,N,F,F,F,F,F,F,F,F,F,F,F
i320o,Had she had any previous Caesarean section?,Had she had any previous Caesarean section?,,B,B+,B+,C,C,C,C,C,C,C,C,C,C,C,C,C,C,C,C,C,C,C,N,C,C,C,C,C,C,C,C,C,C,C,C,C,C,C,C,C,C,C,C,C,C,B,C,N,N,N,N,N,N,N,N,N,C,C,C,C,C,C,C,C,C,C,C
i340o,Did she have an operation to remove her uterus shortly before death?,Did she have an operation to remove her uterus shortly before death?,,B-,B+,N,H,H,H,H,H,H,H,H,H,H,H,H,H,H,H,H,H,H,C,N,H,D,H,H,H,H,H,H,H,H,H,H,H,H,H,H,D,H,C,D,G,H,C,H,N,N,N,N,N,N,N,N,N,H,H,H,H,H,H,H,H,H,H,H
i354o,Was the child part of a multiple  birth?,Was the child part of a multiple  birth?,,I,N,N,F,F,F,F,F,F,F,F,F,F,F,F,F,F,F,F,F,F,F,F,F,F,F,F,F,F,F,F,F,F,F,F,F,F,F,N,N,N,N,N,N,N,N,N,B,C,F,D,F,C,F,C,D,F,F,F,F,F,F,F,F,F,F,F
i363o,"At birth, was the baby smaller than usual, (weighing under 2.5 kg)?","What was the weight (in grammes) of the deceased at birth? & At birth, was the baby smaller than usual, (weighing under 2.5 kg)?",,I,N,N,C,D,F,F,G,F,D,F,F,F,F,F,F,C,F,F,F,F,F,F,F,D,C,F,F,F,F,F,F,F,F,F,G,F,F,N,N,N,N,N,N,N,N,N,A,F,F,C,D,F,D,B,B,F,F,F,F,F,F,F,F,F,F,F
i365o,"At birth, was the baby larger than usual, (weighing over 4.5 kg)?","What was the weight (in grammes) of the deceased at birth? & At birth, was the baby larger than usual, (weighing over 4.5 kg)?",,I,N,N,F,F,F,F,F,F,F,F,F,F,F,F,F,F,F,F,F,F,F,F,F,F,F,C,F,F,F,F,F,F,F,F,F,F,F,N,N,N,N,N,N,N,N,N,G,C,F,F,F,F,F,D,F,F,F,F,F,F,F,F,F,F,F,F
i367a,Did the pregnancy last for less than 8 months before the child was born?,How many months long was the pregnancy before the child was born?,i367,I,N,N,F,F,F,F,F,F,F,F,F,F,F,F,F,F,F,F,F,F,F,F,F,F,F,F,F,F,F,F,F,F,F,F,F,F,F,N,N,N,N,N,N,N,N,N,A,F,C,F,F,F,D,C,C,F,F,F,F,F,F,F,F,F,F,F
i367b,Did the pregnancy last for 8 or 9 months before the child was born?,How many months long was the pregnancy before the child was born?,i367,I,N,N,A,A,A,A,A,A,A,A,A,A,A,A,A,A,A,A,A,A,A,A,A,A,A,A,A,A,A,A,A,A,A,A,A,A,A,N,N,N,N,N,N,N,N,N,B,A,B,A,A,A,A,B,A,A,A,A,A,A,A,A,A,A,A,A
i367c,Did the pregnancy last for more than 9 months before the child was born?,How many months long was the pregnancy before the child was born?,i367,I,N,N,C,C,C,G,C,C,C,C,C,C,C,C,C,D,C,C,C,C,C,C,C,C,C,C,C,C,C,C,C,C,C,C,C,C,C,N,N,N,N,N,N,N,N,N,D,C,C,C,C,C,C,D,C,C,C,C,C,C,C,C,C,C,C,C
i369o,Were there any complications during labour or delivery?,Were there any complications during labour or delivery?,,I,N,N,F,F,F,F,F,F,G,F,F,F,F,F,F,F,F,F,F,F,F,F,F,F,F,F,F,F,F,F,F,F,F,F,F,F,F,N,N,N,N,N,N,N,N,N,F,A,D,F,F,F,B,B,F,F,F,F,F,F,F,F,F,F,F,F
i370o,"Was any part of the baby physically abnormal at time of delivery? (for example: body part too large or too small, additional growth on body)?","Was any part of the baby physically abnormal at time of delivery? (for example: body part too large or too small, additional growth on body)?",,A+,E,E,G,G,G,F,G,G,G,G,G,G,G,G,G,G,G,G,G,G,G,G,G,G,G,G,G,G,G,G,G,G,F,G,G,G,F,N,N,N,N,N,N,N,N,N,G,G,G,G,G,D,G,G,D,G,G,G,G,G,G,G,G,G,G,G
i371o,Did the baby/ child have a swelling or defect on the back at time of birth?,Did the baby/ child have a swelling or defect on the back at time of birth?,,A+,E,E,G,G,G,G,G,G,H,G,G,G,G,G,G,G,G,G,G,G,G,G,G,G,G,G,G,G,G,G,G,G,G,G,G,G,G,N,N,N,N,N,N,N,N,N,G,F,G,F,G,C,G,D,G,G,G,G,G,G,G,G,G,G,G,G
i372o,Did the baby/child have a very large head?,Did the baby/ child have a very large head at time of birth?,,A+,E,E,G,G,G,G,G,G,G,G,G,G,G,G,G,G,G,G,G,G,G,G,G,G,G,G,G,G,G,G,G,G,G,G,G,F,G,N,N,N,N,N,N,N,N,N,G,F,G,G,G,G,G,F,C,G,G,G,G,G,G,G,G,G,G,G
i373o,Did the baby/child have a very small head?,Did the baby/ child have a very small head at time of birth?,,A+,E,E,G,H,H,H,H,H,G,H,H,H,H,H,H,G,H,H,H,H,H,H,H,H,H,H,H,H,H,H,H,H,H,H,H,G,H,N,N,N,N,N,N,N,N,N,G,G,G,H,G,C,H,H,H,H,H,H,H,H,H,H,H,H,H,H
i382a,Did labour and delivery take more than 24 hours?,For how many hours did the labour and delivery take?,,I,N,N,N,N,N,N,N,N,N,N,N,N,N,N,N,N,N,N,N,N,N,N,N,N,N,N,N,N,N,N,N,N,N,N,N,N,N,N,N,N,N,N,N,N,N,N,F,B,F,C,F,F,G,N,N,N,N,N,N,N,N,N,N,N,N,N
i383o,Was the baby born 24 hours or more after the waters broke?,Was the baby born 24 hours or more after the water broke?,,I,N,N,N,N,N,N,N,N,N,N,N,N,N,N,N,N,N,N,N,N,N,N,N,N,N,N,N,N,N,N,N,N,N,N,N,N,N,N,N,N,N,N,N,N,N,N,F,B,A,C,C,F,F,N,N,N,N,N,N,N,N,N,N,N,N,N
i384o,Was the liquor foul smelling?,Was the liquor foul smelling?,,I,N,N,N,N,N,N,N,N,N,N,N,N,N,N,N,N,N,N,N,N,N,N,N,N,N,N,N,N,N,N,N,N,N,N,N,N,N,N,N,N,N,N,N,N,N,N,G,F,B,C,F,H,F,N,N,N,N,N,N,N,N,N,N,N,N,N
i385a,Was the liquor a green or brown colour when the waters broke?,What was the colour of the liquor when the waters broke?,i385,I,N,N,N,N,N,N,N,N,N,N,N,N,N,N,N,N,N,N,N,N,N,N,N,N,N,N,N,N,N,N,N,N,N,N,N,N,N,N,N,N,N,N,N,N,N,N,F,B,D,F,F,G,G,N,N,N,N,N,N,N,N,N,N,N,N,N
i385b,Was the liquor a clear colour when the waters broke?,What was the colour of the liquor when the waters broke?,i385,I,N,N,N,N,N,N,N,N,N,N,N,N,N,N,N,N,N,N,N,N,N,N,N,N,N,N,N,N,N,N,N,N,N,N,N,N,N,N,N,N,N,N,N,N,N,N,A,C,A,A,A,A,A,N,N,N,N,N,N,N,N,N,N,N,N,N
i385c,"Was the liquor a different colour (other than green, brown, or clear) when the waters broke?",What was the colour of the liquor when the waters broke?,i385,I,N,N,N,N,N,N,N,N,N,N,N,N,N,N,N,N,N,N,N,N,N,N,N,N,N,N,N,N,N,N,N,N,N,N,N,N,N,N,N,N,N,N,N,N,N,N,G,G,G,F,G,G,G,N,N,N,N,N,N,N,N,N,N,N,N,N
i387o,"Was the delivery normal vaginal, without forceps or vacuum?","Was the delivery normal vaginal, without forceps or vacuum?",i387,I,N,N,N,N,N,N,N,N,N,N,N,N,N,N,N,N,N,N,N,N,N,N,N,N,N,N,N,N,N,N,N,N,N,N,N,N,N,N,N,N,N,N,N,N,N,N,A,A,A,A,B,A,A,N,N,N,N,N,N,N,N,N,N,N,N,N
i388o,"Was the delivery vaginal, with forceps or vacuum?","Was the delivery vaginal, with forceps or vacuum?",i387,I,N,N,N,N,N,N,N,N,N,N,N,N,N,N,N,N,N,N,N,N,N,N,N,N,N,N,N,N,N,N,N,N,N,N,N,N,N,N,N,N,N,N,N,N,N,N,C,C,C,C,C,C,C,N,N,N,N,N,N,N,N,N,N,N,N,N
i389o,Was the delivery a Caesarean section?,Was the delivery a Caesarean section?,i387,I,N,N,N,N,N,N,N,N,N,N,N,N,N,N,N,N,N,N,N,N,N,N,N,N,N,N,N,N,N,N,N,N,N,N,N,N,N,N,N,N,N,N,N,N,N,N,C,C,C,C,C,C,B,N,N,N,N,N,N,N,N,N,N,N,N,N
i391o,Did the child's mother receive any vaccinations since reaching adulthood including during this pregnancy?,Did you/the baby's mother receive any vaccinations since reaching adulthood including during this pregnancy?,,I,N,N,N,N,N,N,N,N,N,N,N,N,N,N,N,N,N,N,N,N,N,N,N,N,N,N,N,N,N,N,N,N,N,N,N,N,N,N,N,N,N,N,N,N,N,N,B,B,B,B,C,B,B,N,N,N,N,N,N,N,N,N,N,N,N,N
i393o,Did the mother receive tetanus toxoid (TT) vaccine?,Did you/the baby's mother receive tetanus toxoid (TT) vaccine?,,I,N,N,N,N,N,N,N,N,N,N,N,N,N,N,N,N,N,N,N,N,N,N,N,N,N,N,N,N,N,N,N,N,N,N,N,N,N,N,N,N,N,N,N,N,N,N,A,A,A,A,A,A,A,N,N,N,N,N,N,N,N,N,N,N,N,N
i395o,"During labour, did the baby's mother suffer from fever?","During labour, did the you/the baby's mother suffer from fever?",,I,N,N,N,N,N,N,N,N,N,N,N,N,N,N,N,N,N,N,N,N,N,N,N,N,N,N,N,N,N,N,N,N,N,N,N,N,N,N,N,N,N,N,N,N,N,N,F,C,D,B,C,F,C,N,N,N,N,N,N,N,N,N,N,N,N,N
i396o,"During the last 3 months of pregnancy, labour or delivery, did the baby's mother suffer from high blood pressure?","During the last 3 months of pregnancy, labour or delivery, did you/the baby's mother suffer from high blood pressure?",,I,N,N,N,N,N,N,N,N,N,N,N,N,N,N,N,N,N,N,N,N,N,N,N,N,N,N,N,N,N,N,N,N,N,N,N,N,N,N,N,N,N,N,N,N,N,N,B,F,D,F,G,C,C,N,N,N,N,N,N,N,N,N,N,N,N,N
i397o,Did the baby's mother have diabetes mellitus?,Did you/the baby's mother have diabetes mellitus?,,I,N,N,N,N,N,N,N,N,N,N,N,N,N,N,N,N,N,N,N,N,N,N,N,N,N,N,N,N,N,N,N,N,N,N,N,N,N,N,N,N,N,N,N,N,N,N,G,D,G,F,G,G,F,N,N,N,N,N,N,N,N,N,N,N,N,N
i398o,Did the baby's mother have foul smelling vaginal discharge during pregnancy or after delivery?,Did you/the baby's mother have foul smelling vaginal discharge during pregnancy or after delivery?,,I,N,N,N,N,N,N,N,N,N,N,N,N,N,N,N,N,N,N,N,N,N,N,N,N,N,N,N,N,N,N,N,N,N,N,N,N,N,N,N,N,N,N,N,N,N,N,F,F,B,C,G,G,G,N,N,N,N,N,N,N,N,N,N,N,N,N
i399o,"During the last 3 months of pregnancy, labour or delivery, did the baby's mother suffer from convulsions?","During the last 3 months of pregnancy, labour or delivery, did you/the baby's mother suffer from convulsions?",,I,N,N,N,N,N,N,N,N,N,N,N,N,N,N,N,N,N,N,N,N,N,N,N,N,N,N,N,N,N,N,N,N,N,N,N,N,N,N,N,N,N,N,N,N,N,N,G,G,G,G,G,G,G,N,N,N,N,N,N,N,N,N,N,N,N,N
i400o,During the last 3 months of pregnancy did the baby's mother suffer from blurred vision?,During the last 3 months of pregnancy did you/the baby's mother suffer from blurred vision?,,I,N,N,N,N,N,N,N,N,N,N,N,N,N,N,N,N,N,N,N,N,N,N,N,N,N,N,N,N,N,N,N,N,N,N,N,N,N,N,N,N,N,N,N,N,N,N,D,D,G,G,G,G,G,N,N,N,N,N,N,N,N,N,N,N,N,N
i401o,Did the baby's mother have severe anaemia?,Did you/the baby's mother have severe anemia?,,I,N,N,N,N,N,N,N,N,N,N,N,N,N,N,N,N,N,N,N,N,N,N,N,N,N,N,N,N,N,N,N,N,N,N,N,N,N,N,N,N,N,N,N,N,N,N,D,F,G,F,F,G,C,N,N,N,N,N,N,N,N,N,N,N,N,N
i402o,Did the baby's mother have vaginal bleeding during the last 3 months of pregnancy but before labour started?,Did you/the baby's mother have vaginal bleeding during the last 3 months of pregnancy but before labour started?,,I,N,N,N,N,N,N,N,N,N,N,N,N,N,N,N,N,N,N,N,N,N,N,N,N,N,N,N,N,N,N,N,N,N,N,N,N,N,N,N,N,N,N,N,N,N,N,C,D,F,G,F,G,G,N,N,N,N,N,N,N,N,N,N,N,N,N
i403o,"Did the baby's bottom, feet, arm or hand come out of the vagina before its head?","Did the baby's bottom, feet, arm or hand come out of the vagina before its head?",,I,N,N,N,N,N,N,N,N,N,N,N,N,N,N,N,N,N,N,N,N,N,N,N,N,N,N,N,N,N,N,N,N,N,N,N,N,N,N,N,N,N,N,N,N,N,N,F,F,F,F,F,F,F,N,N,N,N,N,N,N,N,N,N,N,N,N
i404o,Was the umbilical cord wrapped more than once around the neck of the child at birth?,Was the umbilical cord wrapped more than once around the neck of the child at birth?,,I,N,N,N,N,N,N,N,N,N,N,N,N,N,N,N,N,N,N,N,N,N,N,N,N,N,N,N,N,N,N,N,N,N,N,N,N,N,N,N,N,N,N,N,N,N,N,G,C,G,G,G,G,F,N,N,N,N,N,N,N,N,N,N,N,N,N
i405o,Was the umbilical cord delivered first?,Was the umbilical cord delivered first?,,I,N,N,N,N,N,N,N,N,N,N,N,N,N,N,N,N,N,N,N,N,N,N,N,N,N,N,N,N,N,N,N,N,N,N,N,N,N,N,N,N,N,N,N,N,N,N,D,D,F,F,F,F,F,N,N,N,N,N,N,N,N,N,N,N,N,N
i406o,Was the baby blue in colour at birth?,Was the baby blue in colour at birth?,,I,N,N,N,N,N,N,N,N,N,N,N,N,N,N,N,N,N,N,N,N,N,N,N,N,N,N,N,N,N,N,N,N,N,N,N,N,N,N,N,N,N,N,N,N,N,N,F,I,F,F,F,C,D,N,N,N,N,N,N,N,N,N,N,N,N,N
i411o,Did (s)he drink alcohol?,Did (s)he drink alcohol?,,B+,B,B-,B,B,B,B,B,B,B,C,B,G,C,B,F,B,B,B,B,B,B,B,B,B,B,B,B,B,C,B,B,B,B,A,B,C,B,C,C,B,C,D,B,C,B,B,N,N,N,N,N,N,N,N,N,B,C,B,B,B,B,B,B,B,B,B
i413o,Did s/he ever smoke tobacco?,Did s/he ever smoke tobacco?,,B+,B,B-,C,C,C,C,C,C,C,C,C,C,C,C,C,C,B,C,B,C,C,C,C,C,F,C,B,B,D,C,A,C,C,C,C,C,C,C,C,C,C,C,C,C,G,D,N,N,N,N,N,N,N,N,N,C,C,C,C,C,C,C,C,C,C,C
i413d,Did s(h)e smoke tobacco for at least 3 months?,For how long did s/he smoke tobacco?,,B+,B,B-,A,C,A,A,A,A,A,A,A,B,A,A,B,A,A,A,A,B,A,A,A,A,A,A,A,A,A,A,A,A,A,A,A,A,B,C,A,A,A,B,A,H,A,C,N,N,N,N,N,N,N,N,N,A,A,A,A,A,A,A,A,A,A,A
i413b,Did s/he ever smoke daily?,Did s/he ever smoke daily?,,B+,B,B-,B,B,B,B,B,B,B,B,B,B,B,B,B,B,B,B,A,B,B,B,B,B,B,B,A,B,B,B,B,B,B,B,B,B,B,B,B,B,B,B,B,B,B,B,N,N,N,N,N,N,N,N,N,B,B,B,B,B,B,B,B,B,B,B
i414o,Did s/he ever chew and/or sniff tobacco?,Did s/he ever chew and/or sniff tobacco?,,B+,B,B-,C,C,C,C,C,C,C,C,C,D,C,C,C,C,C,C,C,C,C,C,C,C,C,C,B,C,C,C,C,C,C,C,C,C,C,C,C,C,C,C,C,C,C,F,N,N,N,N,N,N,N,N,N,C,C,C,C,C,C,C,C,C,C,C
i414d,Did s(h)e chew and/or sniff tobacco for at least 3 months?,For how long did s/he chew and/or sniff  tobacco?,,B+,B,B,A,A,A,A,A,A,A,A,A,A,A,A,B,A,A,A,A,A,A,A,A,B,A,A,A,A,A,A,A,A,A,A,A,A,B,A,A,B,A,A,A,A,A,A,N,N,N,N,N,N,N,N,N,A,A,A,A,A,A,A,A,A,A,A
i414b,Did s/he ever chew and/or sniff tobacco daily?,Did s/he ever chew and/or sniff tobacco daily?,,B+,B,B-,B,B,B,B,B,B,B,B,B,B,B,B,B,B,B,B,B,B,C,B,B,B,B,B,B,B,B,B,B,B,B,B,B,B,B,B,B,C,B,B,B,B,B,B,N,N,N,N,N,N,N,N,N,B,B,B,B,B,B,B,B,B,B,B
i418o,Did (s)he receive any treatment for the illness that led to death?,Did (s)he receive any treatment for the illness that led to death?,,A,A+,A+,A,B,B,B,B,B,A,B,B,B,A,C,B,B,B,B,B,B,B,A,B,C,B,C,B,C,C,B,A,B,B,A,B,B,A,B,B,B,A,B,B,B,B,C,A,B,B,B,B,B,A,N,N,C,C,B,H,C,B,C,C,C,B,C
i419o,Did (s)he receive oral rehydration salts?,Did (s)he receive oral rehydration salts?,,B,B,B,F,F,D,A,F,F,F,F,F,F,B,F,F,F,F,F,F,F,F,F,F,F,F,F,F,F,F,F,F,F,G,F,F,F,F,F,G,F,G,F,F,F,G,F,F,F,F,F,F,F,F,N,N,F,F,G,H,F,G,F,F,G,F,F
i420o,Did (s)he receive (or need) intravenous fluids (drip) treatment?,Did (s)he receive (or need) intravenous fluids (drip) treatment?,,B,B,B,I,B,C,B,C,B,C,C,C,B,A,A,B,B,C,B,B,A,B,B,B,C,C,C,D,B,B,D,F,C,B,C,C,D,C,A,B,C,B,C,I,B,A,B,B,A,C,C,C,C,C,N,N,A,A,C,H,B,C,B,D,C,A,C
i421o,Did (s)he receive (or need) a blood transfusion?,Did (s)he receive (or need) a blood transfusion?,,B-,A,B+,F,G,C,D,C,H,G,G,D,H,B,F,G,G,D,C,D,C,C,C,C,A,F,F,G,F,B,F,F,G,D,C,C,G,D,C,B,G,C,F,C,B,A,B,F,G,H,G,D,D,D,N,N,C,C,D,G,C,C,D,C,C,F,G
i422o,Did (s)he receive (or need) treatment/food through a tube passed through the nose?,Did (s)he receive (or need) treatment/food through a tube passed through the nose?,,B,B,B,B,C,C,D,D,F,D,C,G,F,C,C,D,C,C,C,C,D,G,F,C,G,B,G,C,C,D,F,D,F,F,C,F,F,C,G,G,F,F,G,F,H,D,D,C,B,B,C,C,C,G,N,N,C,C,F,G,C,G,F,C,C,D,C
i423o,Did (s)he receive (or need) injectable antibiotics?,Did (s)he receive (or need) injectable antibiotics?,,B-,B+,B+,I,B,B,B,B,B,A,B,B,B,C,B,C,A,B,B,B,B,B,B,B,C,B,B,F,C,B,B,B,B,B,B,B,B,B,B,B,C,F,B,A,B,B,B,B,B,A,B,B,B,B,N,N,C,B,B,G,B,C,B,D,C,D,C
i424o,Did (s)he receive (or need) antiretroviral therapy (ART)?,Did (s)he receive (or need) antiretroviral therapy (ART)?,,B+,C,C,G,D,A,G,G,H,G,G,C,H,G,G,G,G,G,G,F,G,G,F,G,G,G,G,G,F,F,G,F,G,G,G,G,G,G,G,F,G,G,G,G,G,G,D,G,G,G,G,F,H,G,N,N,G,G,G,G,G,G,G,G,G,G,G
i425o,Did (s)he have (or need) an operation for the illness?,Did (s)he have (or need) an operation for the illness?,,C-,C,C+,G,G,G,G,H,G,H,G,G,G,G,F,G,H,B,B,C,B,C,B,C,G,G,F,G,G,G,G,G,G,B,G,D,G,D,A,D,G,D,A,G,G,B,D,G,G,H,G,G,B,G,N,N,C,C,G,G,G,F,G,G,D,D,G
i426o,Did (s)he have the operation within 1 month before death?,Did (s)he have the operation within 1 month before death?,,C-,C,C,F,G,G,G,G,G,H,G,G,G,G,G,G,G,D,C,C,D,D,C,C,G,G,G,G,G,G,D,G,G,B,G,G,G,G,G,G,G,C,A,G,G,A,C,N,N,N,N,N,N,N,N,N,C,C,G,G,G,G,G,G,D,G,G
i446o,Has the deceased's (biological) mother ever been told she had HIV/AIDS by a health worker?,Has the deceased's (biological) mother ever been told she had HIV/AIDS by a health worker?,,A+,E,E,D,F,B,F,D,D,F,D,D,D,F,F,F,D,D,D,D,D,D,D,F,F,B,D,D,D,D,D,D,D,D,D,D,D,D,N,N,N,N,N,N,N,N,N,D,F,D,D,F,F,G,N,N,D,D,D,D,D,D,D,D,D,D,D
